Gia,Dien tich,Dia chi,Duong vao,Chieu ngang,Huong nha,Loai hinh dat
4.7 Tỷ,136 m²,"Phường Hòa Hải, Quận Ngũ Hành Sơn",Đường vào: Rộng 9.5m,Mặt tiền: 7.5m,Hướng: Đông,Đất nền dự án
4.75 Tỷ,155 m²,"Phường Hòa Hải, Quận Ngũ Hành Sơn",Đường vào: Rộng 7.5m,Mặt tiền: 9m,Hướng: Đông,Đất nền dự án
2.75 Tỷ,90 m²,"Phường Hòa Hải, Quận Ngũ Hành Sơn",Đường vào: Rộng 7.5m,Mặt tiền: 6m,Hướng: Bắc,Đất nền dự án
3.4 Tỷ,112 m²,"Phường Hòa Hải, Quận Ngũ Hành Sơn",Đường vào: Rộng 7.5m,Mặt tiền: 7.5m,Hướng: Bắc,Đất nền dự án
6.9 Tỷ,145 m²,"Phường Hòa Xuân, Quận Cẩm Lệ",NaN,NaN,NaN,Đất nền dự án
26 Tỷ,750 m²,"Phường Hòa Hải, Quận Ngũ Hành Sơn",Đường vào: Rộng 33m,Mặt tiền: 30m,Hướng: Đông bắc,Đất nền dự án
13 Tỷ,375 m²,"Phường Hòa Hải, Quận Ngũ Hành Sơn",Đường vào: Rộng 33m,Mặt tiền: 15m,Hướng: Đông bắc,Đất nền dự án
7.59 Tỷ,345 m²,"Phường Hòa Hải, Quận Ngũ Hành Sơn",Đường vào: Rộng 15m,Mặt tiền: 15m,NaN,Đất nền dự án
12 Tỷ,361 m²,"Phường Hòa Hải, Quận Ngũ Hành Sơn",Đường vào: Rộng 33m,Mặt tiền: 15m,Hướng: Đông bắc,Đất nền dự án
13.2 Tỷ,600 m²,"Phường Hòa Hải, Quận Ngũ Hành Sơn",Đường vào: Rộng 15m,Mặt tiền: 16m,NaN,Đất nền dự án
6.6 Tỷ,300 m²,"Phường Hòa Hải, Quận Ngũ Hành Sơn",Đường vào: Rộng 15m,NaN,NaN,Đất nền dự án
499 Triệu,170 m²,", Huyện Hòa Vang",Đường vào: Rộng 12m,Mặt tiền: 6m,NaN,Đất nền dự án
1.6 Tỷ,120 m²,"Xã Hòa Châu, Huyện Hòa Vang",Đường vào: Rộng 7.5m,Mặt tiền: 8.8m,NaN,Đất nền dự án
Thỏa thuận,108 m²,"Phường Hòa Minh, Quận Liên Chiểu",NaN,NaN,NaN,Đất nền dự án
Thỏa thuận,109 m²,"Phường Hòa Minh, Quận Liên Chiểu",NaN,NaN,NaN,Đất nền dự án
700 Triệu,70 m²,"Phường Hòa Minh, Quận Liên Chiểu",Đường vào: Rộng 15m,NaN,NaN,Đất nền dự án
1.98 Tỷ,88 m²,"Phường Hòa An, Quận Cẩm Lệ",Đường vào: Rộng 3m,Mặt tiền: 7m,Hướng: Tây bắc,Đất nền dự án
13 Tỷ,375 m²,"Phường Hòa Hải, Quận Ngũ Hành Sơn",Đường vào: Rộng 33m,Mặt tiền: 15m,NaN,Đất nền dự án
3.39 Tỷ,102 m²,"Phường Hòa Hải, Quận Ngũ Hành Sơn",NaN,NaN,NaN,Đất nền dự án
7.2 Tỷ,112.5 m²,"Phường Thanh Khê Tây, Quận Thanh Khê",NaN,NaN,NaN,Đất nền dự án
1.9 Tỷ,74 m²,"Phường Hòa Hải, Quận Ngũ Hành Sơn",Đường vào: Rộng 5m,Mặt tiền: 4m,Hướng: Đông bắc,Đất nền dự án
3.3 Tỷ,100 m²,"Phường Khuê Mỹ, Quận Ngũ Hành Sơn",NaN,NaN,NaN,Đất nền dự án
140.6 Triệu,74 m²,"Phường Hòa Hải, Quận Ngũ Hành Sơn",Đường vào: Rộng 5m,Mặt tiền: 4m,Hướng: Đông bắc,Đất nền dự án
2.19 Tỷ,90 m²,"Phường Mân Thái, Quận Sơn Trà",Đường vào: Rộng 3m,Mặt tiền: 4m,Hướng: Tây bắc,Đất nền dự án
3.6 Tỷ,108 m²,"Phường Hòa Minh, Quận Liên Chiểu",NaN,NaN,NaN,Đất nền dự án
4400 Tỷ,94 m²,"Phường Hòa Xuân, Quận Cẩm Lệ",Đường vào: Rộng 10m,Mặt tiền: 5m,Hướng: Tây Nam,Đất nền dự án
4.1 Tỷ,95 m²,"Phường Thọ Quang, Quận Sơn Trà",Đường vào: Rộng 5.5m,Mặt tiền: 5m,Hướng: Tây Nam,Đất nền dự án
3.05 Tỷ,110 m²,"Phường Hòa Quý, Quận Ngũ Hành Sơn",Đường vào: Rộng 7.5m,Mặt tiền: 5m,Hướng: Đông nam,Đất nền dự án
4.85 Tỷ,100 m²,"Phường Khuê Mỹ, Quận Ngũ Hành Sơn",NaN,NaN,NaN,Đất nền dự án
3 Tỷ,100 m²,"Phường Hòa Quý, Quận Ngũ Hành Sơn",Đường vào: Rộng 7m,Mặt tiền: 5m,NaN,Đất nền dự án
5.04 Tỷ,120 m²,"Phường Hòa Xuân, Quận Cẩm Lệ",Đường vào: Rộng 7m,NaN,NaN,Đất nền dự án
2.35 Tỷ,100 m²,"Phường Hòa Hiệp Nam, Quận Liên Chiểu",Đường vào: Rộng 7.5m,Mặt tiền: 5m,Hướng: Tây bắc,Đất nền dự án
3.6 Tỷ,100 m²,"Phường Hòa Minh, Quận Liên Chiểu",Đường vào: Rộng 7m,Mặt tiền: 5m,NaN,Đất nền dự án
Thỏa thuận,100 m²,"Phường Hòa Minh, Quận Liên Chiểu",NaN,NaN,NaN,Đất nền dự án
3.6 Tỷ,95 m²,"Phường Hòa Minh, Quận Liên Chiểu",NaN,NaN,NaN,Đất nền dự án
3.6 Tỷ,78 m²,"Phường Hòa Minh, Quận Liên Chiểu",Đường vào: Rộng 6m,Mặt tiền: 4m,Hướng: Tây Nam,Đất nền dự án
2.9 Tỷ,102 m²,"Phường Hòa Hải, Quận Ngũ Hành Sơn",NaN,NaN,NaN,Đất nền dự án
27 Tỷ,150 m²,"Phường Khuê Trung, Quận Cẩm Lệ",NaN,NaN,Hướng: Đông,Đất nền dự án
4 Tỷ,100 m²,"Phường Khuê Mỹ, Quận Ngũ Hành Sơn",NaN,NaN,NaN,Đất nền dự án
16 Tỷ,140 m²,"Phường Mỹ An, Quận Ngũ Hành Sơn",Đường vào: Rộng 20m,Mặt tiền: 5m,Hướng: Tây,Đất nền dự án
8.4 Tỷ,140 m²,"Phường Khuê Mỹ, Quận Ngũ Hành Sơn",Đường vào: Rộng 10.5m,Mặt tiền: 7m,Hướng: Đông,Đất nền dự án
2.45 Tỷ,171 m²,"Phường Hòa Hải, Quận Ngũ Hành Sơn",Đường vào: Rộng 7.5m,Mặt tiền: 7m,Hướng: Đông bắc,Đất nền dự án
5.3 Tỷ,300 m²,"Phường Hòa Quý, Quận Ngũ Hành Sơn",Đường vào: Rộng 7.5m,Mặt tiền: 15m,Hướng: Đông nam,Đất nền dự án
33 Tỷ,440 m²,"Phường Mỹ An, Quận Ngũ Hành Sơn",Đường vào: Rộng 7.5m,Mặt tiền: 17.5m,Hướng: Đông,Đất nền dự án
8.5 Tỷ,100 m²,"Phường Hòa Hải, Quận Ngũ Hành Sơn",Đường vào: Rộng 27m,Mặt tiền: 5m,Hướng: Đông,Đất nền dự án
1.34 Tỷ,216 m²,"Phường Hòa Quý, Quận Ngũ Hành Sơn",Đường vào: Rộng 7.5m,Mặt tiền: 9m,Hướng: Nam,Đất nền dự án
2.55 Tỷ,96 m²,"Phường Hòa Hải, Quận Ngũ Hành Sơn",Đường vào: Rộng 7.5m,Mặt tiền: 6m,NaN,Đất nền dự án
4.05 Tỷ,180 m²,"Phường Hòa Hải, Quận Ngũ Hành Sơn",Đường vào: Rộng 7.5m,Mặt tiền: 7.5m,NaN,Đất nền dự án
2.45 Tỷ,96 m²,"Phường Hòa Quý, Quận Ngũ Hành Sơn",Đường vào: Rộng 7.5m,Mặt tiền: 6m,Hướng: Đông nam,Đất nền dự án
2.4 Tỷ,96 m²,"Phường Hòa Hải, Quận Ngũ Hành Sơn",Đường vào: Rộng 7.5m,Mặt tiền: 6m,NaN,Đất nền dự án
2.7 Tỷ,144 m²,"Phường Hòa Hải, Quận Ngũ Hành Sơn",Đường vào: Rộng 7.5m,Mặt tiền: 6m,NaN,Đất nền dự án
2.45 Tỷ,96 m²,"Phường Hòa Hải, Quận Ngũ Hành Sơn",Đường vào: Rộng 7.5m,Mặt tiền: 6m,Hướng: Đông nam,Đất nền dự án
2.4 Tỷ,96 m²,"Phường Hòa Hải, Quận Ngũ Hành Sơn",Đường vào: Rộng 7.5m,Mặt tiền: 6m,NaN,Đất nền dự án
10.8 Tỷ,240 m²,"Phường Hòa Hải, Quận Ngũ Hành Sơn",Đường vào: Rộng 50m,Mặt tiền: 12m,NaN,Đất nền dự án
2.45 Tỷ,96 m²,"Phường Hòa Hải, Quận Ngũ Hành Sơn",Đường vào: Rộng 7.5m,Mặt tiền: 6m,Hướng: Đông nam,Đất nền dự án
2.45 Tỷ,98 m²,"Phường Hòa Hải, Quận Ngũ Hành Sơn",Đường vào: Rộng 7.5m,Mặt tiền: 6m,NaN,Đất nền dự án
2.45 Tỷ,96 m²,"Phường Hòa Hải, Quận Ngũ Hành Sơn",Đường vào: Rộng 7.5m,Mặt tiền: 6m,NaN,Đất nền dự án
15.5 Tỷ,527 m²,"Phường Hòa Hải, Quận Ngũ Hành Sơn",Đường vào: Rộng 7.5m,NaN,NaN,Đất nền dự án
2.35 Tỷ,96 m²,"Phường Hòa Hải, Quận Ngũ Hành Sơn",Đường vào: Rộng 7.5m,Mặt tiền: 6m,NaN,Đất nền dự án
2.43 Tỷ,98 m²,"Phường Hòa Hải, Quận Ngũ Hành Sơn",Đường vào: Rộng 7.5m,Mặt tiền: 6m,Hướng: Đông nam,Đất nền dự án
2.55 Tỷ,114 m²,"Phường Hòa Hải, Quận Ngũ Hành Sơn",Đường vào: Rộng 7.5m,Mặt tiền: 6m,NaN,Đất nền dự án
4.1 Tỷ,180 m²,"Phường Hòa Hải, Quận Ngũ Hành Sơn",Đường vào: Rộng 7.5m,Mặt tiền: 7.5m,Hướng: Nam,Đất nền dự án
4.95 Tỷ,216 m²,"Phường Hòa Hải, Quận Ngũ Hành Sơn",Đường vào: Rộng 7.5m,Mặt tiền: 9m,Hướng: Nam,Đất nền dự án
4.95 Tỷ,216 m²,"Phường Hòa Hải, Quận Ngũ Hành Sơn",Đường vào: Rộng 7.5m,Mặt tiền: 9m,Hướng: Nam,Đất nền dự án
2.43 Tỷ,98 m²,"Phường Hòa Hải, Quận Ngũ Hành Sơn",Đường vào: Rộng 7.5m,Mặt tiền: 6m,Hướng: Đông nam,Đất nền dự án
6.2 Tỷ,154 m²,"Phường Hòa Hải, Quận Ngũ Hành Sơn",Đường vào: Rộng 33m,Mặt tiền: 9m,NaN,Đất nền dự án
6.7 Tỷ,154 m²,"Phường Hòa Hải, Quận Ngũ Hành Sơn",Đường vào: Rộng 9m,NaN,NaN,Đất nền dự án
4.05 Tỷ,180 m²,"Phường Hòa Hải, Quận Ngũ Hành Sơn",Đường vào: Rộng 7.5m,NaN,Hướng: Nam,Đất nền dự án
2.7 Tỷ,108 m²,"Phường Hòa Hải, Quận Ngũ Hành Sơn",Đường vào: Rộng 26m,Mặt tiền: 6m,NaN,Đất nền dự án
3.2 Tỷ,102 m²,"Phường Hòa Hải, Quận Ngũ Hành Sơn",Đường vào: Rộng 7.5m,Mặt tiền: 6m,NaN,Đất nền dự án
3.25 Tỷ,108 m²,"Phường Hòa Hải, Quận Ngũ Hành Sơn",Đường vào: Rộng 33m,Mặt tiền: 6m,NaN,Đất nền dự án
4.55 Tỷ,89 m²,"Phường Nại Hiên Đông, Quận Sơn Trà",Đường vào: Rộng 33m,Mặt tiền: 5m,NaN,Đất nền dự án
1100 Tỷ,241 m²,"Xã Hòa Phong, Huyện Hòa Vang",NaN,NaN,NaN,Đất nền dự án
235 Triệu,100 m²,"Phường Hòa Xuân, Quận Cẩm Lệ",Đường vào: Rộng 5m,Mặt tiền: 5m,Hướng: All,Đất nền dự án
2.35 Tỷ,96 m²,"Phường Hòa Hải, Quận Ngũ Hành Sơn",Đường vào: Rộng 7.5m,Mặt tiền: 6m,Hướng: Đông nam,Đất nền dự án
2.55 Tỷ,102 m²,"Phường Hòa Hải, Quận Ngũ Hành Sơn",Đường vào: Rộng 7.5m,Mặt tiền: 6m,Hướng: Tây Nam,Đất nền dự án
110 Tỷ,224 m²,"Xã Hòa Phú, Huyện Hòa Vang",NaN,NaN,NaN,Đất nền dự án
2.65 Tỷ,102 m²,"Phường Hòa Hải, Quận Ngũ Hành Sơn",Đường vào: Rộng 7.5m,Mặt tiền: 6m,Hướng: Tây bắc,Đất nền dự án
2.9 Tỷ,136 m²,"Phường Hòa Khánh Nam, Quận Liên Chiểu",NaN,NaN,Hướng: Đông Bắc,Đất nền dự án
2.65 Tỷ,90 m²,", Quận Liên Chiểu",NaN,NaN,Hướng: Tây Nam,Đất nền dự án
2.28 Tỷ,90 m²,", Quận Cẩm Lệ",NaN,NaN,Hướng: Tây Bắc,Đất nền dự án
2.7 Tỷ,90 m²,"Phường Hòa Minh, Quận Liên Chiểu",NaN,NaN,NaN,Đất nền dự án
4.15 Tỷ,97 m²,", Quận Liên Chiểu",NaN,NaN,Hướng: Tây Bắc,Đất nền dự án
3.8 Tỷ,121 m²,", Quận Liên Chiểu",NaN,NaN,Hướng: Nam,Đất nền dự án
3.8 Tỷ,147 m²,"Phường Hòa Khánh Bắc, Quận Liên Chiểu",NaN,NaN,Hướng: Tây Nam,Đất nền dự án
150 Tỷ,1071 m²,"Phường An Hải Bắc, Quận Sơn Trà",NaN,NaN,NaN,Đất nền dự án
2.7 Tỷ,100 m²,"Phường Hòa Hải, Quận Ngũ Hành Sơn",NaN,NaN,NaN,Đất nền dự án
3.3 Tỷ,109 m²,"Phường Hòa Hải, Quận Ngũ Hành Sơn",Đường vào: Rộng 10m,Mặt tiền: 6m,Hướng: Tây bắc,Đất nền dự án
7.5 Tỷ,190 m²,"Phường Hòa An, Quận Cẩm Lệ",Đường vào: Rộng 10m,Mặt tiền: 10m,Hướng: Đông nam,Đất nền dự án
2.45 Tỷ,102 m²,"Phường Hòa Hải, Quận Ngũ Hành Sơn",Đường vào: Rộng 7.5m,Mặt tiền: 6m,NaN,Đất nền dự án
3.25 Tỷ,144 m²,"Phường Hòa Hải, Quận Ngũ Hành Sơn",Đường vào: Rộng 7.5m,Mặt tiền: 6m,Hướng: Đông,Đất nền dự án
2.75 Tỷ,108 m²,"Phường Hòa Hải, Quận Ngũ Hành Sơn",NaN,NaN,Hướng: Tây bắc,Đất nền dự án
3.2 Tỷ,102 m²,"Phường Hòa Hải, Quận Ngũ Hành Sơn",Đường vào: Rộng 7.5m,Mặt tiền: 6m,Hướng: Nam,Đất nền dự án
2.25 Tỷ,100 m²,"Phường Hòa Hiệp Nam, Quận Liên Chiểu",Đường vào: Rộng 7.5m,Mặt tiền: 5m,NaN,Đất nền dự án
4.5 Tỷ,94 m²,", Quận Liên Chiểu",NaN,NaN,Hướng: Đông Bắc,Đất nền dự án
21 Tỷ,250 m²,", Quận Thanh Khê",NaN,NaN,NaN,Đất nền dự án
5.6 Tỷ,121 m²,"Phường Hòa Khánh Bắc, Quận Liên Chiểu",NaN,NaN,Hướng: Tây Bắc,Đất nền dự án
4.05 Tỷ,100 m²,"Phường Thọ Quang, Quận Sơn Trà",NaN,NaN,Hướng: Tây Bắc,Đất nền dự án
2.75 Tỷ,100 m²,"Phường Hòa Khánh Bắc, Quận Liên Chiểu",NaN,NaN,Hướng: Tây Bắc,Đất nền dự án
2.7 Tỷ,81 m²,"Phường Hòa Hiệp Nam, Quận Liên Chiểu",NaN,NaN,NaN,Đất nền dự án
3.5 Tỷ,108 m²,"Phường Hòa Hải, Quận Ngũ Hành Sơn",Đường vào: Rộng 10m,Mặt tiền: 6m,Hướng: Tây,Đất nền dự án
4.6 Tỷ,184.5 m²,"Phường Hòa Hiệp Nam, Quận Liên Chiểu",Đường vào: Rộng 7.5m,Mặt tiền: 8m,Hướng: Nam,Đất nền dự án
2.09 Tỷ,100 m²,"Phường Hòa Hiệp Nam, Quận Liên Chiểu",Đường vào: Rộng 7.5m,Mặt tiền: 5m,NaN,Đất nền dự án
1.9 Tỷ,100 m²,"Phường Hòa Hiệp Bắc, Quận Liên Chiểu",Đường vào: Rộng 5m,Mặt tiền: 5m,Hướng: Đông bắc,Đất nền dự án
Thỏa thuận,200 m²,"Phường Hòa Hải, Quận Ngũ Hành Sơn",NaN,NaN,NaN,Đất nền dự án
3.7 Tỷ,108 m²,"Phường Hòa Hải, Quận Ngũ Hành Sơn",Đường vào: Rộng 9.5m,Mặt tiền: 6m,Hướng: Đông,Đất nền dự án
2.65 Tỷ,108 m²,"Phường Hòa Hải, Quận Ngũ Hành Sơn",Đường vào: Rộng 26m,Mặt tiền: 6m,NaN,Đất nền dự án
2.7 Tỷ,96 m²,"Phường Hòa Hải, Quận Ngũ Hành Sơn",Đường vào: Rộng 7.5m,Mặt tiền: 6m,NaN,Đất nền dự án
6.8 Tỷ,154 m²,"Phường Hòa Hải, Quận Ngũ Hành Sơn",Đường vào: Rộng 7.5m,Mặt tiền: 9m,Hướng: Nam,Đất nền dự án
2.7 Tỷ,90 m²,"Phường Hòa Hải, Quận Ngũ Hành Sơn",Đường vào: Rộng 7.5m,Mặt tiền: 6m,NaN,Đất nền dự án
747 Triệu,180 m²,"Phường Hòa Hải, Quận Ngũ Hành Sơn",Đường vào: Rộng 7.5m,Mặt tiền: 7.5m,NaN,Đất nền dự án
229.5 Triệu,102 m²,"Phường Hòa Hải, Quận Ngũ Hành Sơn",Đường vào: Rộng 7.5m,Mặt tiền: 6m,NaN,Đất nền dự án
4.3 Tỷ,180 m²,"Phường Hòa Hải, Quận Ngũ Hành Sơn",Đường vào: Rộng 7.5m,Mặt tiền: 7.5m,NaN,Đất nền dự án
3.1 Tỷ,144 m²,"Phường Hòa Hải, Quận Ngũ Hành Sơn",Đường vào: Rộng 7.5m,Mặt tiền: 6m,Hướng: Đông,Đất nền dự án
2.5 Tỷ,102 m²,"Phường Hòa Hải, Quận Ngũ Hành Sơn",Đường vào: Rộng 7.5m,Mặt tiền: 6m,NaN,Đất nền dự án
3.5 Tỷ,142 m²,"Phường Hòa Hải, Quận Ngũ Hành Sơn",Đường vào: Rộng 7.5m,Mặt tiền: 6m,NaN,Đất nền dự án
4.15 Tỷ,180 m²,"Phường Hòa Hải, Quận Ngũ Hành Sơn",Đường vào: Rộng 7.5m,Mặt tiền: 7.5m,NaN,Đất nền dự án
229.5 Triệu,102 m²,"Phường Hòa Quý, Quận Ngũ Hành Sơn",Đường vào: Rộng 7.5m,Mặt tiền: 6m,NaN,Đất nền dự án
2.35 Tỷ,90 m²,"Phường Hòa Hải, Quận Ngũ Hành Sơn",Đường vào: Rộng 7.5m,Mặt tiền: 6m,NaN,Đất nền dự án
258.24 Triệu,96 m²,"Phường Hòa Hải, Quận Ngũ Hành Sơn",Đường vào: Rộng 7.5m,Mặt tiền: 6m,Hướng: Bắc,Đất nền dự án
3.3 Tỷ,108 m²,"Phường Hòa Hải, Quận Ngũ Hành Sơn",Đường vào: Rộng 33m,Mặt tiền: 6m,NaN,Đất nền dự án
3.7 Tỷ,108 m²,"Phường Hòa Hải, Quận Ngũ Hành Sơn",Đường vào: Rộng 9.5m,Mặt tiền: 6m,Hướng: Đông,Đất nền dự án
258.24 Triệu,96 m²,"Phường Hòa Hải, Quận Ngũ Hành Sơn",Đường vào: Rộng 7.5m,Mặt tiền: 6m,Hướng: Bắc,Đất nền dự án
3.1 Tỷ,144 m²,"Phường Hòa Hải, Quận Ngũ Hành Sơn",Đường vào: Rộng 7.5m,Mặt tiền: 6m,Hướng: Đông,Đất nền dự án
2.5 Tỷ,102 m²,"Phường Hòa Hải, Quận Ngũ Hành Sơn",Đường vào: Rộng 7.5m,Mặt tiền: 6m,NaN,Đất nền dự án
747 Triệu,180 m²,"Phường Hòa Hải, Quận Ngũ Hành Sơn",Đường vào: Rộng 7.5m,Mặt tiền: 7.5m,NaN,Đất nền dự án
229.5 Triệu,102 m²,"Phường Hòa Hải, Quận Ngũ Hành Sơn",Đường vào: Rộng 7.5m,Mặt tiền: 6m,NaN,Đất nền dự án
2.07 Tỷ,300 m²,"Phường Hòa Hải, Quận Ngũ Hành Sơn",Đường vào: Rộng 7.5m,Mặt tiền: 15m,Hướng: Đông bắc,Đất nền dự án
2.5 Tỷ,102 m²,"Phường Hòa Hải, Quận Ngũ Hành Sơn",Đường vào: Rộng 7.5m,Mặt tiền: 6m,NaN,Đất nền dự án
56.3 Tỷ,1373 m²,"Phường Hòa An, Quận Cẩm Lệ",Đường vào: Rộng 24m,Mặt tiền: 55m,NaN,Đất nền dự án
4.5 Tỷ,74 m²,"Phường An Hải Đông, Quận Sơn Trà",NaN,NaN,NaN,Đất nền dự án
5 Tỷ,130 m²,"Phường Hòa An, Quận Cẩm Lệ",Đường vào: Rộng 7.5m,Mặt tiền: 5m,Hướng: Tây Nam,Đất nền dự án
2.42 Tỷ,121 m²,", Quận Ngũ Hành Sơn",Đường vào: Rộng 10.5m,Mặt tiền: 5.5m,NaN,Đất nền dự án
169 Triệu,430 m²,", Huyện Hòa Vang",Đường vào: Rộng 5.5m,Mặt tiền: 6m,NaN,Đất nền dự án
585 Triệu,168 m²,", Huyện Hòa Vang",Đường vào: Rộng 5.5m,Mặt tiền: 6m,NaN,Đất nền dự án
2.55 Tỷ,90 m²,"Phường Hòa Hải, Quận Ngũ Hành Sơn",NaN,NaN,NaN,Đất nền dự án
2.83 Tỷ,70 m²,"Phường Hòa Hải, Quận Ngũ Hành Sơn",NaN,NaN,NaN,Đất nền dự án
3.95 Tỷ,100 m²,"Phường Khuê Mỹ, Quận Ngũ Hành Sơn",Đường vào: Rộng 10m,NaN,NaN,Đất nền dự án
5.9 Tỷ,150 m²,"Phường Khuê Mỹ, Quận Ngũ Hành Sơn",NaN,NaN,NaN,Đất nền dự án
3.25 Tỷ,108 m²,"Phường Hòa Hải, Quận Ngũ Hành Sơn",NaN,NaN,NaN,Đất nền dự án
3.25 Tỷ,108 m²,"Phường Hòa Hải, Quận Ngũ Hành Sơn",NaN,NaN,NaN,Đất nền dự án
5.9 Tỷ,150 m²,"Phường Khuê Mỹ, Quận Ngũ Hành Sơn",NaN,NaN,NaN,Đất nền dự án
5.3 Tỷ,216 m²,"Phường Hòa Hải, Quận Ngũ Hành Sơn",NaN,NaN,NaN,Đất nền dự án
1.86 Tỷ,100 m²,"Phường Hòa Hiệp Nam, Quận Liên Chiểu",Đường vào: Rộng 5.5m,Mặt tiền: 5m,Hướng: Đông bắc,Đất nền dự án
2750 Tỷ,150 m²,"Phường Hòa Hải, Quận Ngũ Hành Sơn",Đường vào: Rộng 17m,Mặt tiền: 7.5m,NaN,Đất nền dự án
410 Triệu,169 m²,", Huyện Hòa Vang",Đường vào: Rộng 5.5m,Mặt tiền: 6m,NaN,Đất nền dự án
485 Triệu,162 m²,", Huyện Hòa Vang",Đường vào: Rộng 6m,Mặt tiền: 6m,NaN,Đất nền dự án
490 Triệu,179 m²,", Huyện Hòa Vang",Đường vào: Rộng 12m,Mặt tiền: 6m,NaN,Đất nền dự án
2.53 Tỷ,114 m²,"Phường Hòa Hải, Quận Ngũ Hành Sơn",NaN,NaN,NaN,Đất nền dự án
2.75 Tỷ,98 m²,"Phường Hòa Hải, Quận Ngũ Hành Sơn",NaN,NaN,NaN,Đất nền dự án
3.4 Tỷ,100 m²,"Phường Khuê Mỹ, Quận Ngũ Hành Sơn",NaN,NaN,NaN,Đất nền dự án
2.4 Tỷ,100 m²,"Phường Hòa Hiệp Nam, Quận Liên Chiểu",NaN,NaN,NaN,Đất nền dự án
2.5 Tỷ,100 m²,"Phường Hòa Quý, Quận Ngũ Hành Sơn",Đường vào: Rộng 7.5m,Mặt tiền: 5m,NaN,Đất nền dự án
2.15 Tỷ,109 m²,"Phường Hòa Quý, Quận Ngũ Hành Sơn",Đường vào: Rộng 5.5m,Mặt tiền: 5m,Hướng: Bắc,Đất nền dự án
3.3 Tỷ,109 m²,"Phường Hòa Khánh Bắc, Quận Liên Chiểu",Đường vào: Rộng 25m,Mặt tiền: 5m,NaN,Đất nền dự án
4.3 Tỷ,136 m²,"Phường Hòa Hải, Quận Ngũ Hành Sơn",Đường vào: Rộng 9.5m,Mặt tiền: 7.5m,Hướng: Đông,Đất nền dự án
2.25 Tỷ,100 m²,", Quận Liên Chiểu",Đường vào: Rộng 7m,Mặt tiền: 7m,NaN,Đất nền dự án
2.7 Tỷ,150 m²,"Phường Hòa Hiệp Nam, Quận Liên Chiểu",NaN,NaN,NaN,Đất nền dự án
2650 Tỷ,125 m²,"Phường Hòa Khánh Bắc, Quận Liên Chiểu",NaN,NaN,NaN,Đất nền dự án
1.58 Tỷ,120 m²,"Xã Hòa Châu, Huyện Hòa Vang",Đường vào: Rộng 5m,Mặt tiền: 5.37m,NaN,Đất nền dự án
4.19 Tỷ,90 m²,"Phường Phước Mỹ, Quận Sơn Trà",Đường vào: Rộng 4.5m,Mặt tiền: 4.1m,NaN,Đất nền dự án
4.19 Tỷ,90 m²,"Phường Phước Mỹ, Quận Sơn Trà",Đường vào: Rộng 5m,NaN,Hướng: Đông,Đất nền dự án
400 Triệu,170 m²,", Huyện Hòa Vang",Đường vào: Rộng 12m,Mặt tiền: 6m,NaN,Đất nền dự án
11 Tỷ,246 m²,"Phường Hòa Hiệp Bắc, Quận Liên Chiểu",Đường vào: Rộng 15m,Mặt tiền: 8m,Hướng: Đông nam,Đất nền dự án
1.99 Tỷ,125 m²,"Phường Hòa Hiệp Nam, Quận Liên Chiểu",NaN,NaN,Hướng: Đông bắc,Đất nền dự án
3.05 Tỷ,100 m²,"Xã Hòa Phước, Huyện Hòa Vang",NaN,NaN,NaN,Đất nền dự án
1.75 Tỷ,107.5 m²,"Phường Hòa Khánh Bắc, Quận Liên Chiểu",NaN,NaN,NaN,Đất nền dự án
2.45 Tỷ,100 m²,"Phường Hòa Hiệp Nam, Quận Liên Chiểu",NaN,Mặt tiền: 5m,Hướng: Đông bắc,Đất nền dự án
Thỏa thuận,100 m²,", Quận Ngũ Hành Sơn",Đường vào: Rộng 7.5m,Mặt tiền: 5m,NaN,Đất nền dự án
2.45 Tỷ,118 m²,"Phường Hòa Hiệp Nam, Quận Liên Chiểu",NaN,Mặt tiền: 6m,NaN,Đất nền dự án
2.49 Tỷ,118 m²,"Phường Hòa Hiệp Nam, Quận Liên Chiểu",NaN,NaN,NaN,Đất nền dự án
2.35 Tỷ,100 m²,"Phường Hòa Hiệp Nam, Quận Liên Chiểu",NaN,NaN,Hướng: Đông nam,Đất nền dự án
14 Tỷ,210 m²,"Phường Thọ Quang, Quận Sơn Trà",NaN,NaN,Hướng: Đông nam,Đất nền dự án
3.15 Tỷ,144 m²,"Phường Hòa Hải, Quận Ngũ Hành Sơn",Đường vào: Rộng 7.5m,NaN,NaN,Đất nền dự án
3.9 Tỷ,180 m²,"Phường Hòa Hải, Quận Ngũ Hành Sơn",NaN,NaN,NaN,Đất nền dự án
3.1 Tỷ,123 m²,"Phường Hòa Hiệp Nam, Quận Liên Chiểu",NaN,NaN,NaN,Đất nền dự án
2 Tỷ,100 m²,", Quận Liên Chiểu",NaN,NaN,NaN,Đất nền dự án
1.92 Tỷ,85 m²,"Phường Hòa Hiệp Nam, Quận Liên Chiểu",NaN,NaN,NaN,Đất nền dự án
Thỏa thuận,125 m²,"Phường Hòa Hiệp Nam, Quận Liên Chiểu",Đường vào: Rộng 5.5m,Mặt tiền: 5m,NaN,Đất nền dự án
11 Tỷ,240 m²,"Phường Hòa Hải, Quận Ngũ Hành Sơn",NaN,NaN,NaN,Đất nền dự án
3.8 Tỷ,106 m²,"Phường Hòa Hải, Quận Ngũ Hành Sơn",NaN,NaN,NaN,Đất nền dự án
2.8 Tỷ,105 m²,"Phường Hòa Quý, Quận Ngũ Hành Sơn",NaN,NaN,NaN,Đất nền dự án
4 Tỷ,142 m²,"Phường Hòa Hải, Quận Ngũ Hành Sơn",NaN,NaN,NaN,Đất nền dự án
4.2 Tỷ,142 m²,"Phường Hòa Hải, Quận Ngũ Hành Sơn",NaN,NaN,NaN,Đất nền dự án
430 Triệu,110 m²,"Phường Hòa Hải, Quận Ngũ Hành Sơn",NaN,NaN,NaN,Đất nền dự án
2.7 Tỷ,100 m²,"Phường Hòa Hải, Quận Ngũ Hành Sơn",NaN,NaN,NaN,Đất nền dự án
4 Tỷ,180 m²,"Phường Hòa Hải, Quận Ngũ Hành Sơn",NaN,NaN,NaN,Đất nền dự án
2.6 Tỷ,100 m²,"Phường Hòa Quý, Quận Ngũ Hành Sơn",NaN,NaN,NaN,Đất nền dự án
3.95 Tỷ,121 m²,"Phường Hòa An, Quận Cẩm Lệ",NaN,NaN,NaN,Đất nền dự án
600 Triệu,100 m²,"Phường Hòa Hiệp Nam, Quận Liên Chiểu",NaN,NaN,NaN,Đất nền dự án
4.05 Tỷ,100 m²,"Phường Hòa Xuân, Quận Cẩm Lệ",NaN,NaN,NaN,Đất nền dự án
1.5 Tỷ,69 m²,"Phường Hòa Hải, Quận Ngũ Hành Sơn",Đường vào: Rộng 33m,Mặt tiền: 7m,Hướng: Đông nam,Đất nền dự án
2.15 Tỷ,134 m²,"Phường Hòa Hải, Quận Ngũ Hành Sơn",Đường vào: Rộng 7.5m,Mặt tiền: 5.5m,Hướng: Đông,Đất nền dự án
3.35 Tỷ,100 m²,"Phường Hòa Xuân, Quận Cẩm Lệ",Đường vào: Rộng 7m,NaN,NaN,Đất nền dự án
18 Tỷ,140 m²,"Phường Mỹ An, Quận Ngũ Hành Sơn",NaN,NaN,NaN,Đất nền dự án
8.5 Tỷ,120 m²,"Phường An Hải Bắc, Quận Sơn Trà",Đường vào: Rộng 48m,Mặt tiền: 5m,Hướng: Tây bắc,Đất nền dự án
8.2 Tỷ,160 m²,"Phường Hòa Xuân, Quận Cẩm Lệ",Đường vào: Rộng 21m,Mặt tiền: 25m,Hướng: Đông nam,Đất nền dự án
4.6 Tỷ,90 m²,"Phường An Khê, Quận Thanh Khê",Đường vào: Rộng 7.5m,Mặt tiền: 5m,Hướng: Đông bắc,Đất nền dự án
3050 Tỷ,100 m²,"Phường Hòa Quý, Quận Ngũ Hành Sơn",Đường vào: Rộng 7.5m,Mặt tiền: 5m,NaN,Đất nền dự án
7.2 Tỷ,167 m²,"Phường Hòa Xuân, Quận Cẩm Lệ",NaN,NaN,NaN,Đất nền dự án
5 Tỷ,143 m²,"Phường Hòa Hải, Quận Ngũ Hành Sơn",Đường vào: Rộng 7.5m,Mặt tiền: 7.5m,Hướng: Đông nam,Đất nền dự án
5 Tỷ,142 m²,"Phường Hòa Hải, Quận Ngũ Hành Sơn",Đường vào: Rộng 7m,Mặt tiền: 7.5m,Hướng: Đông nam,Đất nền dự án
45 Tỷ,305 m²,"Phường Hòa Cường Nam, Quận Hải Châu",NaN,NaN,NaN,Đất nền dự án
Thỏa thuận,168 m²,", Quận Liên Chiểu",NaN,NaN,Hướng: Đông Nam,Đất nền dự án
3.15 Tỷ,85 m²,", Quận Liên Chiểu",NaN,NaN,Hướng: Tây Bắc,Đất nền dự án
3.7 Tỷ,90 m²,"Phường Hòa Minh, Quận Liên Chiểu",Đường vào: Rộng 16m,Mặt tiền: 5m,NaN,Đất nền dự án
3.85 Tỷ,90 m²,", Quận Liên Chiểu",NaN,NaN,Hướng: Đông Nam,Đất nền dự án
4.55 Tỷ,90 m²,", Quận Thanh Khê",NaN,NaN,Hướng: Đông Bắc,Đất nền dự án
2.29 Tỷ,90 m²,"Phường Hòa Hiệp Nam, Quận Liên Chiểu",NaN,NaN,Hướng: Đông nam,Đất nền dự án
100 Tỷ,385 m²,"Phường Hòa Hải, Quận Ngũ Hành Sơn",NaN,Mặt tiền: 15.5m,Hướng: Tây,Đất nền dự án
267 Tỷ,921 m²,"Phường Mỹ An, Quận Ngũ Hành Sơn",Đường vào: Rộng 21m,Mặt tiền: 35.5m,Hướng: Tây Nam,Đất nền dự án
8.5 Tỷ,211 m²,"Phường Hòa Hải, Quận Ngũ Hành Sơn",Đường vào: Rộng 48m,Mặt tiền: 48m,NaN,Đất nền dự án
8.5 Tỷ,211 m²,"Phường Hòa Hải, Quận Ngũ Hành Sơn",Đường vào: Rộng 48m,Mặt tiền: 7.5m,NaN,Đất nền dự án
6 Tỷ,125 m²,"Phường Hòa Hải, Quận Ngũ Hành Sơn",Đường vào: Rộng 5m,Mặt tiền: 5m,Hướng: Tây bắc,Đất nền dự án
3.9 Tỷ,95 m²,"Phường Hòa Minh, Quận Liên Chiểu",Đường vào: Rộng 7.5m,Mặt tiền: 5m,Hướng: Tây Nam,Đất nền dự án
2.2 Tỷ,100 m²,"Phường Hòa Hiệp Nam, Quận Liên Chiểu",Đường vào: Rộng 11.5m,Mặt tiền: 5m,Hướng: Đông nam,Đất nền dự án
11 Tỷ,375 m²,"Phường Hòa Hải, Quận Ngũ Hành Sơn",Đường vào: Rộng 30m,Mặt tiền: 15m,NaN,Đất nền dự án
2.1 Tỷ,100 m²,"Phường Hòa Hiệp Nam, Quận Liên Chiểu",Đường vào: Rộng 11.5m,NaN,NaN,Đất nền dự án
2.1 Tỷ,100 m²,"Phường Hòa Hiệp Bắc, Quận Liên Chiểu",Đường vào: Rộng 15.5m,Mặt tiền: 10m,NaN,Đất nền dự án
4.31 Tỷ,102 m²,"Phường Hòa Hải, Quận Ngũ Hành Sơn",NaN,NaN,NaN,Đất nền dự án
480 Triệu,166.3 m²,", Huyện Hòa Vang",Đường vào: Rộng 12m,Mặt tiền: 6m,Hướng: Đông,Đất nền dự án
1.85 Tỷ,100 m²,", Quận Cẩm Lệ",Đường vào: Rộng 15.5m,Mặt tiền: 5m,Hướng: Đông,Đất nền dự án
450 Triệu,170 m²,"Phường Hòa Hải, Quận Ngũ Hành Sơn",Đường vào: Rộng 12m,Mặt tiền: 6m,Hướng: Đông,Đất nền dự án
500 Triệu,170 m²,"Xã Hòa Châu, Huyện Hòa Vang",Đường vào: Rộng 12m,Mặt tiền: 6m,Hướng: Đông,Đất nền dự án
420 Triệu,340 m²,", Huyện Hòa Vang",Đường vào: Rộng 12m,Mặt tiền: 12m,Hướng: Đông,Đất nền dự án
400 Triệu,170 m²,", Quận Ngũ Hành Sơn",Đường vào: Rộng 15m,Mặt tiền: 6m,Hướng: Đông,Đất nền dự án
450 Triệu,170 m²,", Huyện Hòa Vang",Đường vào: Rộng 12m,Mặt tiền: 6m,Hướng: Đông,Đất nền dự án
520 Triệu,170 m²,"Xã Hòa Khương, Huyện Hòa Vang",Đường vào: Rộng 12m,Mặt tiền: 6m,Hướng: Đông,Đất nền dự án
450 Triệu,170 m²,", Quận Ngũ Hành Sơn",Đường vào: Rộng 12m,Mặt tiền: 6m,Hướng: Đông,Đất nền dự án
2.15 Tỷ,100 m²,"Phường Hòa Hiệp Nam, Quận Liên Chiểu",Đường vào: Rộng 5m,Mặt tiền: 5m,NaN,Đất nền dự án
4.7 Tỷ,180 m²,"Phường Hòa Hải, Quận Ngũ Hành Sơn",NaN,NaN,NaN,Đất nền dự án
5.4 Tỷ,216 m²,"Phường Hòa Hải, Quận Ngũ Hành Sơn",NaN,NaN,NaN,Đất nền dự án
6 Tỷ,160 m²,"Phường Hòa An, Quận Cẩm Lệ",Đường vào: Rộng 10m,Mặt tiền: 8m,Hướng: Tây Nam,Đất nền dự án
Thỏa thuận,100 m²,"Phường Hòa Hải, Quận Ngũ Hành Sơn",NaN,NaN,NaN,Đất nền dự án
418 Triệu,170 m²,", Huyện Hòa Vang",Đường vào: Rộng 12m,Mặt tiền: 6m,NaN,Đất nền dự án
450 Triệu,150 m²,"Phường Hòa Hải, Quận Ngũ Hành Sơn",Đường vào: Rộng 33m,Mặt tiền: 6m,NaN,Đất nền dự án
2 Tỷ,100 m²,"Phường Hòa Hiệp Bắc, Quận Liên Chiểu",Đường vào: Rộng 7.5m,Mặt tiền: 6m,Hướng: Đông nam,Đất nền dự án
8.72 Tỷ,187.5 m²,"Phường Hòa Hải, Quận Ngũ Hành Sơn",Đường vào: Rộng 49m,Mặt tiền: 7.5m,Hướng: Tây,Đất nền dự án
2.92 Tỷ,105 m²,"Phường Hòa Hải, Quận Ngũ Hành Sơn",Đường vào: Rộng 7.5m,Mặt tiền: 5m,NaN,Đất nền dự án
5.9 Tỷ,330 m²,"Phường Hòa Hiệp Nam, Quận Liên Chiểu",Đường vào: Rộng 11m,NaN,NaN,Đất nền dự án
2.1 Tỷ,100 m²,"Phường Hòa Hiệp Bắc, Quận Liên Chiểu",Đường vào: Rộng 5.5m,Mặt tiền: 5m,Hướng: Đông nam,Đất nền dự án
1.5 Tỷ,100 m²,"Phường Hòa Hiệp Bắc, Quận Liên Chiểu",Đường vào: Rộng 7.5m,Mặt tiền: 5m,Hướng: Đông nam,Đất nền dự án
1.5 Tỷ,100 m²,"Phường Hòa Hiệp Bắc, Quận Liên Chiểu",Đường vào: Rộng 7.5m,Mặt tiền: 5m,NaN,Đất nền dự án
2 Tỷ,100 m²,"Phường Hòa Hiệp Bắc, Quận Liên Chiểu",Đường vào: Rộng 15.5m,Mặt tiền: 15m,Hướng: Đông nam,Đất nền dự án
3.5 Tỷ,105 m²,"Phường Hòa Hiệp Bắc, Quận Liên Chiểu",Đường vào: Rộng 5.5m,Mặt tiền: 5m,Hướng: Đông nam,Đất nền dự án
1.5 Tỷ,50 m²,"Phường Hòa Hiệp Bắc, Quận Liên Chiểu",Đường vào: Rộng 5m,NaN,NaN,Đất nền dự án
2.29 Tỷ,100 m²,"Phường Hòa Hiệp Nam, Quận Liên Chiểu",Đường vào: Rộng 7m,Mặt tiền: 5m,Hướng: Tây bắc,Đất nền dự án
150 Tỷ,1.071 m²,"Phường Phước Mỹ, Quận Sơn Trà",Đường vào: Rộng 12m,Mặt tiền: 18m,NaN,Đất nền dự án
Thỏa thuận,300 m²,", Quận Cẩm Lệ",NaN,NaN,NaN,Đất nền dự án
7.8 Tỷ,300 m²,"Phường Hòa Hải, Quận Ngũ Hành Sơn",Đường vào: Rộng 20m,Mặt tiền: 12.5m,Hướng: Nam,Đất nền dự án
6.8 Tỷ,154 m²,"Phường Hòa Hải, Quận Ngũ Hành Sơn",Đường vào: Rộng 7.5m,Mặt tiền: 9m,Hướng: Nam,Đất nền dự án
715 Triệu,179 m²,", Huyện Hòa Vang",Đường vào: Rộng 33m,Mặt tiền: 6m,NaN,Đất nền dự án
1.35 Tỷ,150 m²,", Quận Thanh Khê",Đường vào: Rộng 7.5m,Mặt tiền: 6m,NaN,Đất nền dự án
6.2 Tỷ,142 m²,"Phường Hòa Hải, Quận Ngũ Hành Sơn",Đường vào: Rộng 50m,Mặt tiền: 5m,Hướng: Bắc,Đất nền dự án
550 Triệu,1701 m²,"Xã Hòa Liên, Huyện Hòa Vang",Đường vào: Rộng 12m,Mặt tiền: 6m,NaN,Đất nền dự án
4.77 Tỷ,180 m²,"Phường Hòa Hải, Quận Ngũ Hành Sơn",NaN,NaN,NaN,Đất nền dự án
2.7 Tỷ,96 m²,"Phường Hòa Hải, Quận Ngũ Hành Sơn",Đường vào: Rộng 7.5m,Mặt tiền: 6m,NaN,Đất nền dự án
520 Triệu,169 m²,"Xã Hòa Bắc, Huyện Hòa Vang",Đường vào: Rộng 12m,Mặt tiền: 6m,NaN,Đất nền dự án
1.8 Tỷ,162 m²,"Phường Hòa Hải, Quận Ngũ Hành Sơn",Đường vào: Rộng 15.5m,Mặt tiền: 6m,NaN,Đất nền dự án
615 Triệu,180 m²,"Xã Hòa Khương, Huyện Hòa Vang",Đường vào: Rộng 12m,Mặt tiền: 6m,NaN,Đất nền dự án
615 Triệu,180 m²,"Xã Hòa Khương, Huyện Hòa Vang",Đường vào: Rộng 12m,Mặt tiền: 6m,NaN,Đất nền dự án
1.8 Tỷ,165 m²,"Phường Hòa Hải, Quận Ngũ Hành Sơn",Đường vào: Rộng 17.5m,Mặt tiền: 6m,NaN,Đất nền dự án
790 Triệu,150 m²,"Xã Hòa Liên, Huyện Hòa Vang",Đường vào: Rộng 5.5m,Mặt tiền: 6m,NaN,Đất nền dự án
700 Triệu,250 m²,"Xã Hòa Phú, Huyện Hòa Vang",Đường vào: Rộng 12m,NaN,Hướng: Đông,Đất nền dự án
450 Triệu,170 m²,"Xã Hòa Liên, Huyện Hòa Vang",Đường vào: Rộng 12m,Mặt tiền: 6m,NaN,Đất nền dự án
3.9 Tỷ,180 m²,"Phường Hòa Hải, Quận Ngũ Hành Sơn",Đường vào: Rộng 7.5m,Mặt tiền: 7.5m,NaN,Đất nền dự án
4.32 Tỷ,180 m²,"Phường Hòa Hải, Quận Ngũ Hành Sơn",Đường vào: Rộng 7.5m,Mặt tiền: 7.5m,NaN,Đất nền dự án
2.85 Tỷ,90 m²,"Phường Hòa Hải, Quận Ngũ Hành Sơn",Đường vào: Rộng 7.5m,Mặt tiền: 6m,NaN,Đất nền dự án
4.5 Tỷ,180 m²,"Phường Hòa Hải, Quận Ngũ Hành Sơn",Đường vào: Rộng 7.5m,Mặt tiền: 7.5m,NaN,Đất nền dự án
2.78 Tỷ,98 m²,"Phường Hòa Hải, Quận Ngũ Hành Sơn",Đường vào: Rộng 7.5m,Mặt tiền: 6m,NaN,Đất nền dự án
269.5 Triệu,98 m²,"Phường Hòa Hải, Quận Ngũ Hành Sơn",Đường vào: Rộng 7.5m,Mặt tiền: 6m,NaN,Đất nền dự án
4.05 Tỷ,180 m²,"Phường Hòa Hải, Quận Ngũ Hành Sơn",Đường vào: Rộng 7.5m,Mặt tiền: 7.5m,NaN,Đất nền dự án
2.7 Tỷ,102 m²,"Phường Hòa Hải, Quận Ngũ Hành Sơn",Đường vào: Rộng 7.5m,Mặt tiền: 6m,NaN,Đất nền dự án
850 Triệu,150 m²,"Xã Hòa Phú, Huyện Hòa Vang",Đường vào: Rộng 5m,Mặt tiền: 5m,NaN,Đất nền dự án
Thỏa thuận,85 m²,"Phường Hòa Hiệp Nam, Quận Liên Chiểu",NaN,NaN,NaN,Đất nền dự án
3.8 Tỷ,300 m²,"Phường Hòa Hiệp Nam, Quận Liên Chiểu",Đường vào: Rộng 5m,Mặt tiền: 5m,NaN,Đất nền dự án
1.9 Tỷ,125 m²,"Phường Hòa Hiệp Nam, Quận Liên Chiểu",Đường vào: Rộng 5.5m,Mặt tiền: 5m,NaN,Đất nền dự án
2.3 Tỷ,100 m²,"Phường Hòa Khánh Bắc, Quận Liên Chiểu",Đường vào: Rộng 7.5m,Mặt tiền: 5m,Hướng: Tây Nam,Đất nền dự án
3.8 Tỷ,95 m²,"Phường Hòa Hiệp Bắc, Quận Liên Chiểu",Đường vào: Rộng 15m,Mặt tiền: 5m,Hướng: Tây,Đất nền dự án
10 Tỷ,400 m²,"Phường Hòa Hải, Quận Ngũ Hành Sơn",Đường vào: Rộng 15m,Mặt tiền: 15m,Hướng: Nam,Đất nền dự án
2.3 Tỷ,90 m²,"Phường Hòa Hải, Quận Ngũ Hành Sơn",Đường vào: Rộng 15m,Mặt tiền: 5m,NaN,Đất nền dự án
3.2 Tỷ,238 m²,"Phường Hòa Hải, Quận Ngũ Hành Sơn",NaN,NaN,NaN,Đất nền dự án
4.6 Tỷ,100 m²,"Phường Hòa Xuân, Quận Cẩm Lệ",Đường vào: Rộng 15m,Mặt tiền: 15m,NaN,Đất nền dự án
4.5 Tỷ,100 m²,"Phường Hòa Xuân, Quận Cẩm Lệ",Đường vào: Rộng 15m,Mặt tiền: 15m,Hướng: Tây Nam,Đất nền dự án
4.5 Tỷ,100 m²,"Phường Hòa Xuân, Quận Cẩm Lệ",Đường vào: Rộng 15m,Mặt tiền: 15m,NaN,Đất nền dự án
4.2 Tỷ,100 m²,"Phường Hòa Xuân, Quận Cẩm Lệ",Đường vào: Rộng 15m,Mặt tiền: 15m,NaN,Đất nền dự án
1.5 Tỷ,100 m²,"Phường Hòa Xuân, Quận Cẩm Lệ",Đường vào: Rộng 15m,Mặt tiền: 15m,Hướng: Tây Nam,Đất nền dự án
2.88 Tỷ,96 m²,"Phường Hòa Hải, Quận Ngũ Hành Sơn",NaN,NaN,NaN,Đất nền dự án
2.4 Tỷ,100 m²,"Phường Hòa Hiệp Nam, Quận Liên Chiểu",NaN,NaN,NaN,Đất nền dự án
5 Tỷ,100 m²,"Phường Hòa Xuân, Quận Cẩm Lệ",Đường vào: Rộng 7m,Mặt tiền: 5m,NaN,Đất nền dự án
4.4 Tỷ,100 m²,"Phường Hòa Quý, Quận Ngũ Hành Sơn",Đường vào: Rộng 7m,Mặt tiền: 5m,Hướng: Đông nam,Đất nền dự án
550 Triệu,134 m²,", Huyện Hòa Vang",Đường vào: Rộng 12m,Mặt tiền: 7m,NaN,Đất nền dự án
5.4 Tỷ,216 m²,"Phường Hòa Hải, Quận Ngũ Hành Sơn",Đường vào: Rộng 7.5m,Mặt tiền: 9m,NaN,Đất nền dự án
3.25 Tỷ,108 m²,"Phường Hòa Hải, Quận Ngũ Hành Sơn",Đường vào: Rộng 10.5m,Mặt tiền: 6m,NaN,Đất nền dự án
2.75 Tỷ,98 m²,"Phường Hòa Hải, Quận Ngũ Hành Sơn",Đường vào: Rộng 7.5m,Mặt tiền: 6m,Hướng: Nam,Đất nền dự án
4.72 Tỷ,189 m²,"Phường Hòa Hải, Quận Ngũ Hành Sơn",Đường vào: Rộng 7.5m,Mặt tiền: 7.5m,NaN,Đất nền dự án
5.3 Tỷ,216 m²,"Phường Hòa Hải, Quận Ngũ Hành Sơn",Đường vào: Rộng 7.5m,Mặt tiền: 9m,NaN,Đất nền dự án
18.6 Tỷ,300 m²,"Phường Hòa Xuân, Quận Cẩm Lệ",Đường vào: Rộng 7.5m,Mặt tiền: 12m,Hướng: Đông bắc,Đất nền dự án
20.1 Tỷ,247.5 m²,"Phường Hòa Xuân, Quận Cẩm Lệ",Đường vào: Rộng 22m,Mặt tiền: 15m,Hướng: Đông bắc,Đất nền dự án
11 Tỷ,100 m²,"Phường Hòa Xuân, Quận Cẩm Lệ",Đường vào: Rộng 22m,Mặt tiền: 5m,Hướng: Tây Nam,Đất nền dự án
68 Tỷ,457 m²,"Phường Hòa Cường Nam, Quận Hải Châu",Đường vào: Rộng 33m,Mặt tiền: 22.5m,NaN,Đất nền dự án
3.2 Tỷ,102 m²,", Quận Ngũ Hành Sơn",NaN,NaN,NaN,Đất nền dự án
2.15 Tỷ,175 m²,", Quận Ngũ Hành Sơn",Đường vào: Rộng 7.5m,Mặt tiền: 7m,NaN,Đất nền dự án
4.6 Tỷ,138 m²,"Phường Hòa Hải, Quận Ngũ Hành Sơn",Đường vào: Rộng 7.5m,Mặt tiền: 8m,NaN,Đất nền dự án
4150 Tỷ,172 m²,"Phường Hòa Hiệp Nam, Quận Liên Chiểu",Đường vào: Rộng 7.5m,Mặt tiền: 9m,Hướng: Đông nam,Đất nền dự án
2.85 Tỷ,150 m²,"Phường Hòa Hiệp Bắc, Quận Liên Chiểu",Đường vào: Rộng 7.5m,Mặt tiền: 7.5m,Hướng: Đông nam,Đất nền dự án
7.2 Tỷ,90 m²,"Phường Khuê Mỹ, Quận Ngũ Hành Sơn",Đường vào: Rộng 15m,Mặt tiền: 5m,Hướng: Bắc,Đất nền dự án
26.5 Tỷ,250 m²,"Phường Khuê Mỹ, Quận Ngũ Hành Sơn",Đường vào: Rộng 15m,Mặt tiền: 10m,Hướng: Đông,Đất nền dự án
28 Tỷ,240 m²,", Quận Sơn Trà",NaN,NaN,NaN,Đất nền dự án
6 Tỷ,250 m²,"Phường Hòa Hiệp Bắc, Quận Liên Chiểu",Đường vào: Rộng 7.5m,Mặt tiền: 13m,NaN,Đất nền dự án
2.3 Tỷ,100 m²,"Phường Hòa Hiệp Bắc, Quận Liên Chiểu",NaN,NaN,Hướng: Đông nam,Đất nền dự án
2 Tỷ,60 m²,"Phường An Khê, Quận Thanh Khê",Đường vào: Rộng 3m,Mặt tiền: 5m,NaN,Đất nền dự án
62 Tỷ,220 m²,"Phường Hòa Hiệp Bắc, Quận Liên Chiểu",Đường vào: Rộng 7.5m,Mặt tiền: 10m,Hướng: Đông nam,Đất nền dự án
2.6 Tỷ,100 m²,"Phường Hòa Hải, Quận Ngũ Hành Sơn",Đường vào: Rộng 15.5m,Mặt tiền: 5m,Hướng: Bắc,Đất nền dự án
4 Tỷ,100 m²,"Phường Hòa Minh, Quận Liên Chiểu",Đường vào: Rộng 7.5m,Mặt tiền: 5m,Hướng: Tây Nam,Đất nền dự án
4.04 Tỷ,95 m²,"Phường Hòa Minh, Quận Liên Chiểu",Đường vào: Rộng 7.5m,Mặt tiền: 5m,Hướng: Tây Nam,Đất nền dự án
2.2 Tỷ,100 m²,"Phường Hòa Hiệp Nam, Quận Liên Chiểu",Đường vào: Rộng 5m,Mặt tiền: 5m,Hướng: Đông bắc,Đất nền dự án
4.8 Tỷ,100 m²,"Phường Hòa Quý, Quận Ngũ Hành Sơn",Đường vào: Rộng 7.5m,Mặt tiền: 5m,Hướng: Đông nam,Đất nền dự án
945 Triệu,360 m²,"Xã Hòa Khương, Huyện Hòa Vang",NaN,NaN,NaN,Đất nền dự án
2.7 Tỷ,144.5 m²,"Phường Thạc Gián, Quận Thanh Khê",NaN,NaN,NaN,Đất nền dự án
2.7 Tỷ,145 m²,"Phường Thạc Gián, Quận Thanh Khê",Đường vào: Rộng 2m,Mặt tiền: 12m,NaN,Đất nền dự án
4 Tỷ,100 m²,"Phường Hòa Xuân, Quận Cẩm Lệ",Đường vào: Rộng 7m,Mặt tiền: 5m,Hướng: Tây bắc,Đất nền dự án
4 Tỷ,100 m²,"Phường Hòa Xuân, Quận Cẩm Lệ",Đường vào: Rộng 7m,Mặt tiền: 5m,Hướng: Tây bắc,Đất nền dự án
1.5 Tỷ,100 m²,"Phường Hòa Quý, Quận Ngũ Hành Sơn",NaN,NaN,Hướng: Đông nam,Đất nền dự án
3.89 Tỷ,95 m²,"Phường Hòa Minh, Quận Liên Chiểu",Đường vào: Rộng 10m,Mặt tiền: 10m,NaN,Đất nền dự án
2.05 Tỷ,100 m²,"Phường Hòa Hiệp Nam, Quận Liên Chiểu",Đường vào: Rộng 7.5m,Mặt tiền: 5m,Hướng: Đông nam,Đất nền dự án
2.4 Tỷ,100 m²,"Phường Hòa Hiệp Nam, Quận Liên Chiểu",Đường vào: Rộng 6m,Mặt tiền: 5m,Hướng: Đông nam,Đất nền dự án
2.2 Tỷ,90 m²,"Phường Hòa Hiệp Nam, Quận Liên Chiểu",Đường vào: Rộng 11.5m,NaN,Hướng: Tây bắc,Đất nền dự án
5 Tỷ,100 m²,"Phường Hòa Xuân, Quận Cẩm Lệ",Đường vào: Rộng 10m,NaN,NaN,Đất nền dự án
2.16 Tỷ,90 m²,"Phường Hòa Hiệp Nam, Quận Liên Chiểu",Đường vào: Rộng 6m,Mặt tiền: 5m,Hướng: Đông nam,Đất nền dự án
4.75 Tỷ,150 m²,", Quận Ngũ Hành Sơn",NaN,NaN,Hướng: Đông,Đất nền dự án
722 Triệu,200 m²,"Xã Hòa Tiến, Huyện Hòa Vang",Đường vào: Rộng 5m,Mặt tiền: 5m,NaN,Đất nền dự án
1.6 Tỷ,105 m²,", Huyện Hòa Vang",Đường vào: Rộng 7.5m,Mặt tiền: 5m,NaN,Đất nền dự án
425 Triệu,169 m²,", Huyện Hòa Vang",Đường vào: Rộng 12m,Mặt tiền: 6m,NaN,Đất nền dự án
448 Triệu,170 m²,", Huyện Hòa Vang",Đường vào: Rộng 12m,Mặt tiền: 6m,NaN,Đất nền dự án
202 Tỷ,275 m²,"Phường Khuê Mỹ, Quận Ngũ Hành Sơn",Đường vào: Rộng 15m,Mặt tiền: 11m,Hướng: Đông nam,Đất nền dự án
1680 Tỷ,100 m²,"Phường Hòa Hải, Quận Ngũ Hành Sơn",NaN,NaN,NaN,Đất nền dự án
2.58 Tỷ,105 m²,"Phường Hòa Hiệp Nam, Quận Liên Chiểu",Đường vào: Rộng 11.5m,Mặt tiền: 5m,NaN,Đất nền dự án
2.82 Tỷ,105.5 m²,"Phường Hòa Hiệp Nam, Quận Liên Chiểu",Đường vào: Rộng 7.5m,Mặt tiền: 5m,Hướng: Tây bắc,Đất nền dự án
1.51 Tỷ,94 m²,", Huyện Hòa Vang",Đường vào: Rộng 7.5m,Mặt tiền: 5m,NaN,Đất nền dự án
4.1 Tỷ,101 m²,"Phường Hòa Minh, Quận Liên Chiểu",Đường vào: Rộng 12m,Mặt tiền: 5m,Hướng: Tây Nam,Đất nền dự án
2.47 Tỷ,92 m²,"Phường Hòa Hiệp Nam, Quận Liên Chiểu",Đường vào: Rộng 7.5m,Mặt tiền: 5m,Hướng: Tây bắc,Đất nền dự án
449 Triệu,180 m²,"Xã Hòa Liên, Huyện Hòa Vang",Đường vào: Rộng 12m,Mặt tiền: 6m,Hướng: Đông,Đất nền dự án
539 Triệu,169 m²,"Xã Hòa Liên, Huyện Hòa Vang",Đường vào: Rộng 6m,Mặt tiền: 6m,NaN,Đất nền dự án
530 Triệu,170 m²,"Xã Hòa Tiến, Huyện Hòa Vang",Đường vào: Rộng 12m,Mặt tiền: 6m,Hướng: Đông,Đất nền dự án
2 Tỷ,100 m²,"Phường Hòa Hiệp Bắc, Quận Liên Chiểu",Đường vào: Rộng 7.5m,Mặt tiền: 6m,Hướng: Tây bắc,Đất nền dự án
518.37 Triệu,111 m²,"Phường Hòa Hải, Quận Ngũ Hành Sơn",NaN,NaN,NaN,Đất nền dự án
4 Tỷ,100 m²,"Phường Hòa Quý, Quận Ngũ Hành Sơn",Đường vào: Rộng 7.5m,Mặt tiền: 5m,NaN,Đất nền dự án
3.3 Tỷ,100 m²,"Phường Hòa Quý, Quận Ngũ Hành Sơn",Đường vào: Rộng 7.3m,Mặt tiền: 5m,NaN,Đất nền dự án
5.88 Tỷ,125 m²,"Phường Hòa Quý, Quận Ngũ Hành Sơn",NaN,NaN,NaN,Đất nền dự án
6 Tỷ,150 m²,"Phường Hòa Quý, Quận Ngũ Hành Sơn",Đường vào: Rộng 7.5m,Mặt tiền: 5m,NaN,Đất nền dự án
3.3 Tỷ,100 m²,"Phường Hòa Quý, Quận Ngũ Hành Sơn",Đường vào: Rộng 7.5m,Mặt tiền: 5m,NaN,Đất nền dự án
4.7 Tỷ,100 m²,"Phường Hòa Quý, Quận Ngũ Hành Sơn",NaN,NaN,NaN,Đất nền dự án
4.7 Tỷ,100 m²,"Phường Hòa Xuân, Quận Cẩm Lệ",Đường vào: Rộng 10m,Mặt tiền: 10m,NaN,Đất nền dự án
4 Tỷ,150 m²,"Phường Hòa Quý, Quận Ngũ Hành Sơn",NaN,NaN,NaN,Đất nền dự án
3.3 Tỷ,100 m²,"Phường Hòa Quý, Quận Ngũ Hành Sơn",Đường vào: Rộng 7.5m,Mặt tiền: 5m,NaN,Đất nền dự án
4 Tỷ,100 m²,"Phường Hòa Quý, Quận Ngũ Hành Sơn",Đường vào: Rộng 7.5m,Mặt tiền: 5m,NaN,Đất nền dự án
2.5 Tỷ,172 m²,"Phường Hòa Hải, Quận Ngũ Hành Sơn",Đường vào: Rộng 17m,Mặt tiền: 7m,Hướng: Nam,Đất nền dự án
4 Tỷ,100 m²,"Phường Hòa Quý, Quận Ngũ Hành Sơn",NaN,NaN,Hướng: Đông nam,Đất nền dự án
5 Tỷ,100 m²,"Phường Hòa Quý, Quận Ngũ Hành Sơn",NaN,NaN,NaN,Đất nền dự án
Thỏa thuận,100 m²,"Phường Hòa Quý, Quận Ngũ Hành Sơn",NaN,NaN,NaN,Đất nền dự án
4.7 Tỷ,100 m²,"Phường Hòa Quý, Quận Ngũ Hành Sơn",NaN,NaN,NaN,Đất nền dự án
330 Triệu,110 m²,"Phường Hòa Quý, Quận Ngũ Hành Sơn",Đường vào: Rộng 1m,Mặt tiền: 5m,NaN,Đất nền dự án
3.33 Tỷ,105 m²,"Phường Hòa Quý, Quận Ngũ Hành Sơn",Đường vào: Rộng 7.5m,Mặt tiền: 5m,Hướng: Tây bắc,Đất nền dự án
2.55 Tỷ,108 m²,"Phường Hòa Xuân, Quận Cẩm Lệ",Đường vào: Rộng 5.5m,Mặt tiền: 5m,Hướng: Tây,Đất nền dự án
3.95 Tỷ,100 m²,"Phường Hòa Quý, Quận Ngũ Hành Sơn",Đường vào: Rộng 7.5m,Mặt tiền: 5m,Hướng: Tây bắc,Đất nền dự án
4.9 Tỷ,122 m²,"Phường Hòa Quý, Quận Ngũ Hành Sơn",Đường vào: Rộng 7.5m,Mặt tiền: 5m,Hướng: Đông bắc,Đất nền dự án
7.9 Tỷ,170 m²,"Phường Hòa Quý, Quận Ngũ Hành Sơn",Đường vào: Rộng 7.5m,Mặt tiền: 8m,Hướng: Đông bắc,Đất nền dự án
4.7 Tỷ,100 m²,"Phường Hòa Quý, Quận Ngũ Hành Sơn",NaN,NaN,NaN,Đất nền dự án
4.7 Tỷ,100 m²,"Phường Hòa Quý, Quận Ngũ Hành Sơn",NaN,NaN,NaN,Đất nền dự án
3.9 Tỷ,100 m²,"Phường Hòa Quý, Quận Ngũ Hành Sơn",Đường vào: Rộng 13.5m,NaN,Hướng: Đông nam,Đất nền dự án
5 Tỷ,100 m²,"Phường Hòa Quý, Quận Ngũ Hành Sơn",Đường vào: Rộng 7.5m,Mặt tiền: 3m,NaN,Đất nền dự án
4.2 Tỷ,100 m²,"Phường Hòa Quý, Quận Ngũ Hành Sơn",Đường vào: Rộng 14.5m,Mặt tiền: 5m,NaN,Đất nền dự án
4.5 Tỷ,100 m²,"Phường Hòa Quý, Quận Ngũ Hành Sơn",Đường vào: Rộng 13.5m,NaN,NaN,Đất nền dự án
4.6 Tỷ,100 m²,"Phường Hòa Quý, Quận Ngũ Hành Sơn",Đường vào: Rộng 13.5m,NaN,NaN,Đất nền dự án
650 Triệu,180 m²,"Xã Hòa Khương, Huyện Hòa Vang",Đường vào: Rộng 26m,Mặt tiền: 6m,Hướng: Đông,Đất nền dự án
4.5 Tỷ,100 m²,"Phường Hòa Xuân, Quận Cẩm Lệ",Đường vào: Rộng 7.5m,Mặt tiền: 5m,NaN,Đất nền dự án
4.5 Tỷ,100 m²,"Phường Hòa Quý, Quận Ngũ Hành Sơn",Đường vào: Rộng 7.5m,Mặt tiền: 5m,NaN,Đất nền dự án
4.1 Tỷ,100 m²,"Phường Hòa Xuân, Quận Cẩm Lệ",Đường vào: Rộng 10m,Mặt tiền: 10m,NaN,Đất nền dự án
2 Tỷ,100 m²,"Phường Hòa Hiệp Nam, Quận Liên Chiểu",NaN,NaN,Hướng: Đông nam,Đất nền dự án
3.6 Tỷ,120 m²,"Phường Hòa Hải, Quận Ngũ Hành Sơn",Đường vào: Rộng 7m,Mặt tiền: 5m,Hướng: Tây,Đất nền dự án
2 Tỷ,100 m²,"Phường Hòa Quý, Quận Ngũ Hành Sơn",NaN,NaN,NaN,Đất nền dự án
950 Triệu,160 m²,"Xã Hòa Khương, Huyện Hòa Vang",Đường vào: Rộng 5.5m,Mặt tiền: 5.5m,Hướng: Tây,Đất nền dự án
4 Tỷ,95 m²,"Phường Hòa Hiệp Bắc, Quận Liên Chiểu",Đường vào: Rộng 15m,Mặt tiền: 5m,Hướng: Tây Nam,Đất nền dự án
5 Tỷ,100 m²,"Phường Hòa Xuân, Quận Cẩm Lệ",Đường vào: Rộng 7.5m,Mặt tiền: 5m,Hướng: Đông nam,Đất nền dự án
2.35 Tỷ,100 m²,"Phường Hòa Hiệp Bắc, Quận Liên Chiểu",NaN,NaN,NaN,Đất nền dự án
3.9 Tỷ,95 m²,", Quận Liên Chiểu",NaN,NaN,NaN,Đất nền dự án
22 Tỷ,78 m²,"Phường Mỹ An, Quận Ngũ Hành Sơn",NaN,NaN,NaN,Đất nền dự án
4 Tỷ,100 m²,"Phường Hòa Minh, Quận Liên Chiểu",Đường vào: Rộng 7.5m,Mặt tiền: 5m,Hướng: Đông bắc,Đất nền dự án
3.9 Tỷ,95 m²,"Phường Hòa Minh, Quận Liên Chiểu",Đường vào: Rộng 7.5m,Mặt tiền: 5m,NaN,Đất nền dự án
4.2 Tỷ,125 m²,"Phường Hòa Xuân, Quận Cẩm Lệ",NaN,NaN,Hướng: Đông bắc,Đất nền dự án
1.5 Tỷ,100 m²,"Phường Hòa Quý, Quận Ngũ Hành Sơn",Đường vào: Rộng 10m,Mặt tiền: 10m,NaN,Đất nền dự án
950 Triệu,160 m²,"Xã Hòa Khương, Huyện Hòa Vang",Đường vào: Rộng 5.5m,NaN,NaN,Đất nền dự án
5 Tỷ,100 m²,"Phường Hòa Quý, Quận Ngũ Hành Sơn",Đường vào: Rộng 7m,Mặt tiền: 5m,NaN,Đất nền dự án
13.6 Tỷ,200 m²,"Phường Hòa Xuân, Quận Cẩm Lệ",Đường vào: Rộng 40m,Mặt tiền: 10m,Hướng: Tây bắc,Đất nền dự án
4.5 Tỷ,100 m²,"Phường Hòa Quý, Quận Ngũ Hành Sơn",Đường vào: Rộng 14.5m,Mặt tiền: 5m,Hướng: Tây bắc,Đất nền dự án
8.7 Tỷ,253 m²,"Phường Hòa Hải, Quận Ngũ Hành Sơn",Đường vào: Rộng 7.5m,Mặt tiền: 15m,NaN,Đất nền dự án
4 Tỷ,100 m²,"Phường Hòa Minh, Quận Liên Chiểu",Đường vào: Rộng 8m,Mặt tiền: 5m,Hướng: Đông nam,Đất nền dự án
3.25 Tỷ,108 m²,"Phường Hòa Quý, Quận Ngũ Hành Sơn",Đường vào: Rộng 27m,Mặt tiền: 6m,NaN,Đất nền dự án
3.25 Tỷ,108 m²,"Phường Hòa Hải, Quận Ngũ Hành Sơn",Đường vào: Rộng 27m,Mặt tiền: 6m,Hướng: Đông bắc,Đất nền dự án
3.25 Tỷ,108 m²,"Phường Hòa Hải, Quận Ngũ Hành Sơn",Đường vào: Rộng 27m,Mặt tiền: 6m,Hướng: Đông bắc,Đất nền dự án
Thỏa thuận,100 m²,"Phường Hòa Quý, Quận Ngũ Hành Sơn",NaN,NaN,NaN,Đất nền dự án
3 Tỷ,108 m²,"Phường Hòa Khánh Bắc, Quận Liên Chiểu",Đường vào: Rộng 7.5m,Mặt tiền: 7.5m,Hướng: Đông bắc,Đất nền dự án
3 Tỷ,122 m²,"Phường Hòa Hải, Quận Ngũ Hành Sơn",Đường vào: Rộng 33m,Mặt tiền: 6m,Hướng: Nam,Đất nền dự án
4.5 Tỷ,100 m²,"Phường Hòa Quý, Quận Ngũ Hành Sơn",Đường vào: Rộng 7m,Mặt tiền: 5m,NaN,Đất nền dự án
4.2 Tỷ,100 m²,"Phường Hòa Quý, Quận Ngũ Hành Sơn",NaN,Mặt tiền: 5m,NaN,Đất nền dự án
4.5 Tỷ,100 m²,"Phường Hòa Xuân, Quận Cẩm Lệ",Đường vào: Rộng 13m,Mặt tiền: 5m,Hướng: Đông nam,Đất nền dự án
4 Tỷ,100 m²,"Phường Hòa Quý, Quận Ngũ Hành Sơn",Đường vào: Rộng 7m,Mặt tiền: 5m,NaN,Đất nền dự án
4.2 Tỷ,100 m²,"Phường Hòa Quý, Quận Ngũ Hành Sơn",Đường vào: Rộng 14.5m,NaN,NaN,Đất nền dự án
4.2 Tỷ,100 m²,"Phường Hòa Quý, Quận Ngũ Hành Sơn",Đường vào: Rộng 14.5m,Mặt tiền: 5m,Hướng: Tây bắc,Đất nền dự án
2.4 Tỷ,100 m²,"Phường Hòa Hiệp Nam, Quận Liên Chiểu",NaN,NaN,NaN,Đất nền dự án
4.6 Tỷ,125 m²,"Phường Hòa Quý, Quận Ngũ Hành Sơn",Đường vào: Rộng 10m,Mặt tiền: 20m,Hướng: Đông nam,Đất nền dự án
5 Tỷ,100 m²,"Phường Hòa Xuân, Quận Cẩm Lệ",Đường vào: Rộng 7.5m,Mặt tiền: 5m,Hướng: Đông nam,Đất nền dự án
500 Triệu,100 m²,"Phường Hòa Xuân, Quận Cẩm Lệ",Đường vào: Rộng 7.5m,Mặt tiền: 5m,Hướng: Đông nam,Đất nền dự án
500 Triệu,100 m²,"Phường Hòa Xuân, Quận Cẩm Lệ",Đường vào: Rộng 7.5m,Mặt tiền: 5m,Hướng: Đông nam,Đất nền dự án
27.4 Tỷ,293 m²,"Phường Khuê Mỹ, Quận Ngũ Hành Sơn",Đường vào: Rộng 15m,Mặt tiền: 12m,Hướng: Đông nam,Đất nền dự án
13.3 Tỷ,100 m²,"Phường Mỹ An, Quận Ngũ Hành Sơn",Đường vào: Rộng 15m,Mặt tiền: 5m,Hướng: Tây Nam,Đất nền dự án
4.65 Tỷ,100 m²,"Phường Hòa Xuân, Quận Cẩm Lệ",Đường vào: Rộng 10m,Mặt tiền: 5m,Hướng: Nam,Đất nền dự án
980 Triệu,166 m²,"Xã Hòa Khương, Huyện Hòa Vang",Đường vào: Rộng 5m,NaN,Hướng: Tây,Đất nền dự án
6.3 Tỷ,107 m²,"Phường Hòa Xuân, Quận Cẩm Lệ",Đường vào: Rộng 15m,Mặt tiền: 5m,Hướng: Tây,Đất nền dự án
4760 Tỷ,100 m²,"Phường Hòa Xuân, Quận Cẩm Lệ",Đường vào: Rộng 7.5m,Mặt tiền: 5m,Hướng: Đông nam,Đất nền dự án
4.7 Tỷ,100 m²,"Phường Hòa Quý, Quận Ngũ Hành Sơn",Đường vào: Rộng 14.5m,Mặt tiền: 5m,Hướng: Đông nam,Đất nền dự án
3.35 Tỷ,100 m²,"Phường Hòa Quý, Quận Ngũ Hành Sơn",Đường vào: Rộng 7m,Mặt tiền: 5m,Hướng: Đông bắc,Đất nền dự án
2.4 Tỷ,100 m²,"Phường Hòa Hiệp Nam, Quận Liên Chiểu",Đường vào: Rộng 11.5m,NaN,NaN,Đất nền dự án
4.6 Tỷ,100 m²,"Phường Hòa Quý, Quận Ngũ Hành Sơn",Đường vào: Rộng 14.5m,Mặt tiền: 5m,NaN,Đất nền dự án
4.6 Tỷ,100 m²,"Phường Hòa Quý, Quận Ngũ Hành Sơn",Đường vào: Rộng 14.5m,Mặt tiền: 5m,NaN,Đất nền dự án
4.2 Tỷ,100 m²,"Phường Hòa Xuân, Quận Cẩm Lệ",Đường vào: Rộng 7.5m,Mặt tiền: 5m,Hướng: Đông nam,Đất nền dự án
4.2 Tỷ,100 m²,"Phường Hòa Xuân, Quận Cẩm Lệ",Đường vào: Rộng 10.5m,Mặt tiền: 5m,Hướng: Đông nam,Đất nền dự án
5 Tỷ,100 m²,"Phường Hòa Xuân, Quận Cẩm Lệ",NaN,NaN,Hướng: Đông nam,Đất nền dự án
5 Tỷ,100 m²,"Phường Hòa Xuân, Quận Cẩm Lệ",Đường vào: Rộng 7m,Mặt tiền: 5m,Hướng: Đông nam,Đất nền dự án
5 Tỷ,100 m²,"Phường Hòa Xuân, Quận Cẩm Lệ",Đường vào: Rộng 7.5m,Mặt tiền: 5m,Hướng: Đông nam,Đất nền dự án
6 Tỷ,100 m²,"Phường Hòa Xuân, Quận Cẩm Lệ",Đường vào: Rộng 10.5m,Mặt tiền: 5m,Hướng: Đông nam,Đất nền dự án
2.2 Tỷ,100 m²,"Phường Hòa Hiệp Nam, Quận Liên Chiểu",Đường vào: Rộng 7.5m,Mặt tiền: 5m,NaN,Đất nền dự án
2.2 Tỷ,90 m²,"Phường Hòa Hiệp Nam, Quận Liên Chiểu",NaN,NaN,NaN,Đất nền dự án
2.2 Tỷ,100 m²,"Phường Hòa Hiệp Nam, Quận Liên Chiểu",Đường vào: Rộng 7.5m,Mặt tiền: 5m,Hướng: Đông nam,Đất nền dự án
2.2 Tỷ,90 m²,"Phường Hòa Hiệp Nam, Quận Liên Chiểu",Đường vào: Rộng 5.5m,Mặt tiền: 4.5m,Hướng: Đông nam,Đất nền dự án
2.5 Tỷ,100 m²,"Phường Hòa Hiệp Bắc, Quận Liên Chiểu",Đường vào: Rộng 4m,Mặt tiền: 15m,NaN,Đất nền dự án
4.1 Tỷ,100 m²,"Phường Hòa Xuân, Quận Cẩm Lệ",Đường vào: Rộng 10m,Mặt tiền: 10m,Hướng: Đông nam,Đất nền dự án
410 Triệu,100 m²,"Phường Hòa Xuân, Quận Cẩm Lệ",Đường vào: Rộng 10m,Mặt tiền: 10m,Hướng: Đông nam,Đất nền dự án
4.6 Tỷ,125 m²,"Phường Hòa Quý, Quận Ngũ Hành Sơn",Đường vào: Rộng 10m,Mặt tiền: 20m,Hướng: Tây bắc,Đất nền dự án
2 Tỷ,78 m²,"Phường Hòa Hiệp Bắc, Quận Liên Chiểu",NaN,NaN,Hướng: Tây bắc,Đất nền dự án
2.2 Tỷ,100 m²,"Phường Hòa Hiệp Bắc, Quận Liên Chiểu",Đường vào: Rộng 5m,Mặt tiền: 15m,NaN,Đất nền dự án
4.6 Tỷ,100 m²,"Phường An Hải Bắc, Quận Sơn Trà",NaN,NaN,NaN,Đất nền dự án
4.6 Tỷ,100 m²,"Phường Hòa Xuân, Quận Cẩm Lệ",NaN,NaN,NaN,Đất nền dự án
5 Tỷ,100 m²,"Phường Hòa Quý, Quận Ngũ Hành Sơn",Đường vào: Rộng 7m,Mặt tiền: 5m,NaN,Đất nền dự án
4.6 Tỷ,100 m²,"Phường Hòa Quý, Quận Ngũ Hành Sơn",Đường vào: Rộng 14.5m,Mặt tiền: 5m,Hướng: Đông nam,Đất nền dự án
4.6 Tỷ,100 m²,"Phường Hòa Xuân, Quận Cẩm Lệ",NaN,NaN,NaN,Đất nền dự án
4.6 Tỷ,100 m²,"Phường Hòa Xuân, Quận Cẩm Lệ",NaN,NaN,NaN,Đất nền dự án
138 Triệu,400 m²,"Phường Hòa Minh, Quận Liên Chiểu",Đường vào: Rộng 33m,Mặt tiền: 18m,Hướng: Đông bắc,Đất nền dự án
7.1 Tỷ,125 m²,"Phường Khuê Mỹ, Quận Ngũ Hành Sơn",Đường vào: Rộng 7.5m,Mặt tiền: 5m,Hướng: Đông,Đất nền dự án
3.1 Tỷ,115 m²,"Phường Hòa Hiệp Nam, Quận Liên Chiểu",Đường vào: Rộng 10.5m,Mặt tiền: 7.5m,Hướng: Đông nam,Đất nền dự án
4.6 Tỷ,100 m²,"Phường Hòa Xuân, Quận Cẩm Lệ",NaN,NaN,NaN,Đất nền dự án
4.6 Tỷ,100 m²,"Phường Hòa Xuân, Quận Cẩm Lệ",NaN,NaN,NaN,Đất nền dự án
5 Tỷ,100 m²,"Phường Hòa Quý, Quận Ngũ Hành Sơn",NaN,Mặt tiền: 5m,Hướng: Đông nam,Đất nền dự án
4.6 Tỷ,100 m²,"Phường Hòa Xuân, Quận Cẩm Lệ",NaN,NaN,NaN,Đất nền dự án
4.6 Tỷ,100 m²,"Phường Hòa Xuân, Quận Cẩm Lệ",NaN,NaN,NaN,Đất nền dự án
480 Tỷ,100 m²,"Phường Hòa Hải, Quận Ngũ Hành Sơn",Đường vào: Rộng 5m,Mặt tiền: 15m,NaN,Đất nền dự án
635 Triệu,180 m²,"Xã Hòa Khương, Huyện Hòa Vang",Đường vào: Rộng 12m,Mặt tiền: 6m,Hướng: Đông,Đất nền dự án
2.2 Tỷ,100 m²,"Phường Hòa Hiệp Bắc, Quận Liên Chiểu",NaN,NaN,NaN,Đất nền dự án
5 Tỷ,100 m²,"Phường Hòa Quý, Quận Ngũ Hành Sơn",Đường vào: Rộng 7m,Mặt tiền: 5m,Hướng: Đông nam,Đất nền dự án
11 Tỷ,200 m²,"Phường Hòa Xuân, Quận Cẩm Lệ",Đường vào: Rộng 15m,Mặt tiền: 10m,Hướng: Tây Nam,Đất nền dự án
4.7 Tỷ,100 m²,"Phường Hòa Quý, Quận Ngũ Hành Sơn",NaN,Mặt tiền: 5m,NaN,Đất nền dự án
4.1 Tỷ,100 m²,"Phường Hòa Quý, Quận Ngũ Hành Sơn",Đường vào: Rộng 7.5m,Mặt tiền: 5m,Hướng: Đông nam,Đất nền dự án
4.6 Tỷ,100 m²,"Phường Hòa Xuân, Quận Cẩm Lệ",Đường vào: Rộng 7.5m,NaN,NaN,Đất nền dự án
4.6 Tỷ,100 m²,"Phường Hòa Xuân, Quận Cẩm Lệ",Đường vào: Rộng 7.5m,NaN,NaN,Đất nền dự án
4.7 Tỷ,100 m²,"Phường Hòa Quý, Quận Ngũ Hành Sơn",NaN,Mặt tiền: 5m,Hướng: Đông nam,Đất nền dự án
5 Tỷ,100 m²,"Phường Hòa Quý, Quận Ngũ Hành Sơn",Đường vào: Rộng 7m,Mặt tiền: 5m,NaN,Đất nền dự án
2.2 Tỷ,100 m²,"Phường Hòa Hiệp Nam, Quận Liên Chiểu",Đường vào: Rộng 9m,NaN,NaN,Đất nền dự án
5.2 Tỷ,100 m²,"Phường Hòa Xuân, Quận Cẩm Lệ",NaN,NaN,NaN,Đất nền dự án
2.99 Tỷ,115 m²,"Phường Hòa Hiệp Nam, Quận Liên Chiểu",NaN,NaN,Hướng: Tây Nam,Đất nền dự án
1.3 Tỷ,90 m²,"Phường Hòa Thọ Tây, Quận Cẩm Lệ",Đường vào: Rộng 7m,Mặt tiền: 6m,Hướng: Đông bắc,Đất nền dự án
5 Tỷ,150 m²,"Phường Hòa Quý, Quận Ngũ Hành Sơn",Đường vào: Rộng 10m,Mặt tiền: 10m,Hướng: Đông nam,Đất nền dự án
4.9 Tỷ,122 m²,"Phường Hòa Quý, Quận Ngũ Hành Sơn",Đường vào: Rộng 7m,Mặt tiền: 5m,Hướng: Đông bắc,Đất nền dự án
450 Triệu,170 m²,", Quận Liên Chiểu",Đường vào: Rộng 6m,Mặt tiền: 6m,NaN,Đất nền dự án
Thỏa thuận,90 m²,"Phường Hòa Thọ Tây, Quận Cẩm Lệ",Đường vào: Rộng 7.5m,Mặt tiền: 6m,Hướng: Đông bắc,Đất nền dự án
11.5 Tỷ,216 m²,"Phường Hòa Minh, Quận Liên Chiểu",Đường vào: Rộng 7m,Mặt tiền: 10m,Hướng: Tây bắc,Đất nền dự án
4.1 Tỷ,150 m²,"Phường Hòa Quý, Quận Ngũ Hành Sơn",Đường vào: Rộng 10m,Mặt tiền: 10m,NaN,Đất nền dự án
5 Tỷ,150 m²,"Phường Hòa Quý, Quận Ngũ Hành Sơn",Đường vào: Rộng 10m,Mặt tiền: 10m,Hướng: Đông nam,Đất nền dự án
4.15 Tỷ,122 m²,"Phường Hòa Quý, Quận Ngũ Hành Sơn",Đường vào: Rộng 7m,Mặt tiền: 5m,Hướng: Tây Nam,Đất nền dự án
2.5 Tỷ,90 m²,"Xã Hòa Liên, Huyện Hòa Vang",Đường vào: Rộng 11m,Mặt tiền: 5m,Hướng: Tây bắc,Đất nền dự án
4.6 Tỷ,100 m²,"Phường Hòa Quý, Quận Ngũ Hành Sơn",Đường vào: Rộng 14.5m,Mặt tiền: 5m,NaN,Đất nền dự án
4.6 Tỷ,100 m²,"Phường Hòa Quý, Quận Ngũ Hành Sơn",Đường vào: Rộng 14.5m,Mặt tiền: 5m,NaN,Đất nền dự án
2.25 Tỷ,90 m²,"Phường Hòa Hiệp Nam, Quận Liên Chiểu",NaN,NaN,NaN,Đất nền dự án
2.25 Tỷ,90 m²,"Phường Hòa Hiệp Nam, Quận Liên Chiểu",NaN,NaN,NaN,Đất nền dự án
24 Tỷ,90 m²,"Phường Hòa Hiệp Bắc, Quận Liên Chiểu",NaN,NaN,Hướng: Tây bắc,Đất nền dự án
2.34 Tỷ,90 m²,"Phường Hòa Hiệp Nam, Quận Liên Chiểu",NaN,NaN,Hướng: Tây bắc,Đất nền dự án
810 Triệu,100 m²,"Phường Hòa Hiệp Nam, Quận Liên Chiểu",NaN,NaN,NaN,Đất nền dự án
4.7 Tỷ,100 m²,"Phường Hòa Quý, Quận Ngũ Hành Sơn",Đường vào: Rộng 7.5m,NaN,NaN,Đất nền dự án
4.7 Tỷ,100 m²,"Phường Hòa Quý, Quận Ngũ Hành Sơn",Đường vào: Rộng 7.5m,NaN,NaN,Đất nền dự án
4.7 Tỷ,100 m²,"Phường Hòa Quý, Quận Ngũ Hành Sơn",Đường vào: Rộng 7.5m,NaN,NaN,Đất nền dự án
4.5 Tỷ,125 m²,"Phường Hòa Quý, Quận Ngũ Hành Sơn",Đường vào: Rộng 18m,Mặt tiền: 4m,Hướng: Đông nam,Đất nền dự án
600 Triệu,132 m²,"Xã Hòa Khương, Huyện Hòa Vang",Đường vào: Rộng 7m,Mặt tiền: 5m,Hướng: Đông nam,Đất nền dự án
4.7 Tỷ,100 m²,"Phường Hòa Quý, Quận Ngũ Hành Sơn",Đường vào: Rộng 7.5m,NaN,NaN,Đất nền dự án
4.7 Tỷ,100 m²,"Phường Hòa Quý, Quận Ngũ Hành Sơn",Đường vào: Rộng 7.5m,Mặt tiền: 5m,NaN,Đất nền dự án
4.7 Tỷ,100 m²,"Phường Hòa Quý, Quận Ngũ Hành Sơn",Đường vào: Rộng 7.5m,NaN,NaN,Đất nền dự án
4.6 Tỷ,100 m²,"Phường Hòa Quý, Quận Ngũ Hành Sơn",NaN,Mặt tiền: 5m,NaN,Đất nền dự án
5 Tỷ,100 m²,"Phường Hòa Quý, Quận Ngũ Hành Sơn",Đường vào: Rộng 7.5m,NaN,NaN,Đất nền dự án
2.05 Tỷ,122.5 m²,"Phường Hòa Hải, Quận Ngũ Hành Sơn",Đường vào: Rộng 7.5m,Mặt tiền: 5m,Hướng: Tây Nam,Đất nền dự án
4.6 Tỷ,100 m²,"Phường Hòa Quý, Quận Ngũ Hành Sơn",Đường vào: Rộng 14.5m,Mặt tiền: 5m,NaN,Đất nền dự án
2.3 Tỷ,100 m²,"Phường Hòa Hiệp Bắc, Quận Liên Chiểu",Đường vào: Rộng 15.5m,Mặt tiền: 5m,NaN,Đất nền dự án
2.3 Tỷ,100 m²,"Phường Hòa Khánh Bắc, Quận Liên Chiểu",Đường vào: Rộng 15.5m,Mặt tiền: 5m,NaN,Đất nền dự án
4.35 Tỷ,133 m²,"Phường Hòa An, Quận Cẩm Lệ",Đường vào: Rộng 7.5m,Mặt tiền: 6m,Hướng: Nam,Đất nền dự án
5 Tỷ,100 m²,"Phường Hòa Quý, Quận Ngũ Hành Sơn",NaN,Mặt tiền: 5m,NaN,Đất nền dự án
5 Tỷ,100 m²,"Phường Hòa Hải, Quận Ngũ Hành Sơn",NaN,Mặt tiền: 5m,NaN,Đất nền dự án
5 Tỷ,100 m²,"Phường Hòa Hải, Quận Ngũ Hành Sơn",NaN,Mặt tiền: 5m,NaN,Đất nền dự án
5 Tỷ,100 m²,"Phường Hòa Quý, Quận Ngũ Hành Sơn",NaN,Mặt tiền: 5m,NaN,Đất nền dự án
2.5 Tỷ,100 m²,"Phường Hòa Hiệp Nam, Quận Liên Chiểu",Đường vào: Rộng 11m,Mặt tiền: 5m,NaN,Đất nền dự án
2 Tỷ,100 m²,"Phường Hòa Hiệp Nam, Quận Liên Chiểu",Đường vào: Rộng 5.5m,Mặt tiền: 5m,NaN,Đất nền dự án
2.45 Tỷ,100 m²,"Phường Hòa Khánh Nam, Quận Liên Chiểu",Đường vào: Rộng 11m,Mặt tiền: 5m,NaN,Đất nền dự án
2.25 Tỷ,100 m²,"Phường Hòa Khánh Nam, Quận Liên Chiểu",Đường vào: Rộng 11m,Mặt tiền: 5m,NaN,Đất nền dự án
220 Triệu,100 m²,"Phường Hòa Hiệp Nam, Quận Liên Chiểu",NaN,NaN,Hướng: Đông,Đất nền dự án
1.5 Tỷ,150 m²,"Phường Hòa An, Quận Cẩm Lệ",NaN,NaN,NaN,Đất nền dự án
4.2 Tỷ,97.2 m²,"Phường Hòa Minh, Quận Liên Chiểu",Đường vào: Rộng 5.5m,Mặt tiền: 5m,Hướng: Tây bắc,Đất nền dự án
5.2 Tỷ,100 m²,"Phường Hòa Xuân, Quận Cẩm Lệ",Đường vào: Rộng 7.5m,Mặt tiền: 5m,NaN,Đất nền dự án
5.2 Tỷ,100 m²,"Phường Hòa Xuân, Quận Cẩm Lệ",Đường vào: Rộng 7.5m,Mặt tiền: 5m,NaN,Đất nền dự án
5 Tỷ,100 m²,"Phường Hòa Quý, Quận Ngũ Hành Sơn",Đường vào: Rộng 10.5m,Mặt tiền: 5m,Hướng: Đông nam,Đất nền dự án
3.7 Tỷ,100 m²,"Phường Hòa Hải, Quận Ngũ Hành Sơn",Đường vào: Rộng 5.5m,Mặt tiền: 5m,Hướng: Đông bắc,Đất nền dự án
2.2 Tỷ,100 m²,"Phường Hòa Hiệp Nam, Quận Liên Chiểu",Đường vào: Rộng 11.5m,NaN,NaN,Đất nền dự án
2.3 Tỷ,90 m²,"Phường Hòa Hiệp Bắc, Quận Liên Chiểu",Đường vào: Rộng 20.5m,NaN,Hướng: Đông nam,Đất nền dự án
4.2 Tỷ,187 m²,"Phường Hòa Hiệp Nam, Quận Liên Chiểu",Đường vào: Rộng 10.5m,Mặt tiền: 5m,NaN,Đất nền dự án
2.3 Tỷ,100 m²,"Phường Hòa Hiệp Nam, Quận Liên Chiểu",Đường vào: Rộng 11.5m,NaN,Hướng: Đông nam,Đất nền dự án
2.3 Tỷ,105 m²,"Phường Hòa Hiệp Nam, Quận Liên Chiểu",Đường vào: Rộng 15.5m,NaN,Hướng: Tây bắc,Đất nền dự án
Thỏa thuận,100 m²,"Phường Hòa Hiệp Nam, Quận Liên Chiểu",NaN,NaN,NaN,Đất nền dự án
2.9 Tỷ,150 m²,"Phường Hòa Hiệp Nam, Quận Liên Chiểu",Đường vào: Rộng 7.5m,Mặt tiền: 4m,Hướng: Đông nam,Đất nền dự án
371.7 Triệu,118 m²,"Phường Hòa Hiệp Bắc, Quận Liên Chiểu",Đường vào: Rộng 7.5m,Mặt tiền: 4m,Hướng: Tây bắc,Đất nền dự án
2.5 Tỷ,100 m²,"Phường Hòa Hiệp Nam, Quận Liên Chiểu",Đường vào: Rộng 11.5m,Mặt tiền: 3m,Hướng: Đông nam,Đất nền dự án
3.6 Tỷ,120 m²,"Phường Hòa Hải, Quận Ngũ Hành Sơn",Đường vào: Rộng 7.5m,Mặt tiền: 5m,Hướng: Tây,Đất nền dự án
4.4 Tỷ,100 m²,"Phường Hòa Xuân, Quận Cẩm Lệ",Đường vào: Rộng 10m,Mặt tiền: 5m,Hướng: Đông nam,Đất nền dự án
3.8 Tỷ,144 m²,"Phường Hòa Hải, Quận Ngũ Hành Sơn",NaN,NaN,NaN,Đất nền dự án
2.2 Tỷ,100 m²,"Phường Hòa Hiệp Nam, Quận Liên Chiểu",NaN,NaN,NaN,Đất nền dự án
2 Tỷ,100 m²,"Phường Hòa Hiệp Nam, Quận Liên Chiểu",Đường vào: Rộng 7.5m,Mặt tiền: 5m,NaN,Đất nền dự án
129.41 Triệu,128 m²,"Xã Hòa Phong, Huyện Hòa Vang",NaN,NaN,NaN,Đất nền dự án
850 Triệu,128 m²,"Xã Hòa Phong, Huyện Hòa Vang",NaN,NaN,NaN,Đất nền dự án
2450 Tỷ,120 m²,"Phường Hòa Quý, Quận Ngũ Hành Sơn",Đường vào: Rộng 4m,Mặt tiền: 5m,Hướng: Tây,Đất nền dự án
1.8 Tỷ,100 m²,"Phường Hòa Quý, Quận Ngũ Hành Sơn",NaN,NaN,NaN,Đất nền dự án
5.05 Tỷ,157 m²,"Phường Hòa Quý, Quận Ngũ Hành Sơn",Đường vào: Rộng 7.5m,Mặt tiền: 7.8m,Hướng: Tây bắc,Đất nền dự án
3 Tỷ,100 m²,"Phường Hòa Hiệp Nam, Quận Liên Chiểu",Đường vào: Rộng 5.5m,Mặt tiền: 5m,Hướng: Đông bắc,Đất nền dự án
3.4 Tỷ,108 m²,"Phường Hòa Hải, Quận Ngũ Hành Sơn",Đường vào: Rộng 26m,Mặt tiền: 6m,Hướng: Tây,Đất nền dự án
5 Tỷ,100 m²,"Phường Hòa Xuân, Quận Cẩm Lệ",Đường vào: Rộng 10m,Mặt tiền: 5m,Hướng: Tây bắc,Đất nền dự án
5 Tỷ,100 m²,"Phường Hòa Hải, Quận Ngũ Hành Sơn",NaN,NaN,Hướng: Đông nam,Đất nền dự án
615 Triệu,176 m²,"Phường Hòa Hải, Quận Ngũ Hành Sơn",Đường vào: Rộng 12m,NaN,NaN,Đất nền dự án
5 Tỷ,100 m²,"Phường Hòa Xuân, Quận Cẩm Lệ",Đường vào: Rộng 10m,Mặt tiền: 5m,Hướng: Tây bắc,Đất nền dự án
3.35 Tỷ,90 m²,"Phường Hòa Hải, Quận Ngũ Hành Sơn",Đường vào: Rộng 7.5m,Mặt tiền: 6m,Hướng: Bắc,Đất nền dự án
428 Triệu,170 m²,", Huyện Hòa Vang",Đường vào: Rộng 12m,Mặt tiền: 6m,NaN,Đất nền dự án
400 Triệu,170 m²,", Huyện Hòa Vang",Đường vào: Rộng 12m,Mặt tiền: 6m,NaN,Đất nền dự án
1.6 Tỷ,100 m²,", Huyện Hòa Vang",Đường vào: Rộng 7.5m,Mặt tiền: 5m,NaN,Đất nền dự án
1.6 Tỷ,126.4 m²,", Quận Cẩm Lệ",Đường vào: Rộng 7.5m,Mặt tiền: 7.5m,NaN,Đất nền dự án
725 Triệu,168 m²,", Huyện Hòa Vang",Đường vào: Rộng 7.5m,Mặt tiền: 5m,Hướng: Tây,Đất nền dự án
580 Triệu,212 m²,", Huyện Hòa Vang",Đường vào: Rộng 12m,Mặt tiền: 8.5m,Hướng: Tây bắc,Đất nền dự án
1885 Tỷ,121 m²,", Huyện Hòa Vang",NaN,NaN,NaN,Đất nền dự án
1.55 Tỷ,100 m²,", Quận Cẩm Lệ",Đường vào: Rộng 27m,Mặt tiền: 5m,NaN,Đất nền dự án
1.8 Tỷ,90 m²,", Quận Ngũ Hành Sơn",Đường vào: Rộng 15m,Mặt tiền: 5m,NaN,Đất nền dự án
1.79 Tỷ,100 m²,", Quận Ngũ Hành Sơn",Đường vào: Rộng 13m,NaN,NaN,Đất nền dự án
2.04 Tỷ,131 m²,", Huyện Hòa Vang",NaN,NaN,NaN,Đất nền dự án
1.75 Tỷ,110 m²,", Huyện Hòa Vang",NaN,NaN,NaN,Đất nền dự án
2042 Tỷ,131 m²,", Huyện Hòa Vang",NaN,NaN,NaN,Đất nền dự án
18 Tỷ,105 m²,", Quận Hải Châu",NaN,NaN,NaN,Đất nền dự án
18 Tỷ,105 m²,", Quận Hải Châu",NaN,NaN,Hướng: Đông nam,Đất nền dự án
2.6 Tỷ,100 m²,", Quận Ngũ Hành Sơn",Đường vào: Rộng 7.5m,Mặt tiền: 6m,NaN,Đất nền dự án
685 Triệu,165 m²,", Quận Liên Chiểu",NaN,NaN,NaN,Đất nền dự án
Thỏa thuận,150 m²,", Ngu Hanh Son",Đường vào: Rộng 1m,Mặt tiền: 6m,Hướng: ---,Đất nền dự án
1.7 Tỷ,100 m²,", Quận Cẩm Lệ",NaN,NaN,NaN,Đất nền dự án
1.8 Tỷ,136 m²,", Quận Cẩm Lệ",NaN,NaN,NaN,Đất nền dự án
1.8 Tỷ,136 m²,", Quận Hải Châu",NaN,NaN,NaN,Đất nền dự án
2.6 Tỷ,124 m²,", Quận Cẩm Lệ",NaN,NaN,NaN,Đất nền dự án
2.66 Tỷ,126 m²,", Quận Cẩm Lệ",NaN,NaN,NaN,Đất nền dự án
2 Tỷ,118 m²,", Quận Thanh Khê",Đường vào: Rộng 7.5m,Mặt tiền: 5m,Hướng: Đông nam,Đất nền dự án
1.84 Tỷ,100 m²,", Huyện Hòa Vang",Đường vào: Rộng 7.5m,Mặt tiền: 5m,Hướng: Đông nam,Đất nền dự án
1.84 Tỷ,100 m²,", Huyện Hòa Vang",Đường vào: Rộng 7.5m,Mặt tiền: 5m,Hướng: Đông nam,Đất nền dự án
1.8 Tỷ,100 m²,", Quận Thanh Khê",Đường vào: Rộng 7.5m,Mặt tiền: 5m,NaN,Đất nền dự án
1.9 Tỷ,100 m²,", Quận Ngũ Hành Sơn",Đường vào: Rộng 7.5m,Mặt tiền: 5m,NaN,Đất nền dự án
1.9 Tỷ,100 m²,", Huyện Hòa Vang",Đường vào: Rộng 7.5m,Mặt tiền: 5m,NaN,Đất nền dự án
1.6 Tỷ,100 m²,", Quận Thanh Khê",Đường vào: Rộng 7.5m,Mặt tiền: 5m,NaN,Đất nền dự án
1800 Tỷ,100 m²,", Huyện Hòa Vang",Đường vào: Rộng 7.5m,Mặt tiền: 5m,NaN,Đất nền dự án
1.7 Tỷ,122 m²,", Quận Thanh Khê",Đường vào: Rộng 7.5m,Mặt tiền: 5m,NaN,Đất nền dự án
1.6 Tỷ,100 m²,", Huyện Hòa Vang",Đường vào: Rộng 11m,Mặt tiền: 5m,Hướng: Đông bắc,Đất nền dự án
810 Triệu,170 m²,", Quận Thanh Khê",Đường vào: Rộng 12m,Mặt tiền: 6m,Hướng: Đông,Đất nền dự án
1600 Tỷ,107 m²,", Quận Ngũ Hành Sơn",Đường vào: Rộng 7.5m,Mặt tiền: 5m,NaN,Đất nền dự án
1800 Tỷ,107 m²,", Huyện Hòa Vang",Đường vào: Rộng 7.5m,Mặt tiền: 5m,NaN,Đất nền dự án
1800 Tỷ,100 m²,", Quận Thanh Khê",Đường vào: Rộng 7.5m,Mặt tiền: 5m,NaN,Đất nền dự án
2.66 Tỷ,124 m²,", Huyện Hòa Vang",Đường vào: Rộng 7.5m,Mặt tiền: 7m,Hướng: Đông bắc,Đất nền dự án
1.9 Tỷ,105 m²,", Quận Ngũ Hành Sơn",Đường vào: Rộng 21.5m,Mặt tiền: 5m,Hướng: Đông nam,Đất nền dự án
2.53 Tỷ,100 m²,", Quận Cẩm Lệ",Đường vào: Rộng 27m,Mặt tiền: 5m,NaN,Đất nền dự án
2.9 Tỷ,100 m²,", Quận Ngũ Hành Sơn",Đường vào: Rộng 7.5m,Mặt tiền: 7.5m,Hướng: Nam,Đất nền dự án
2.7 Tỷ,100 m²,", Quận Ngũ Hành Sơn",Đường vào: Rộng 7.5m,NaN,Hướng: Tây Nam,Đất nền dự án
2.8 Tỷ,100 m²,", Quận Ngũ Hành Sơn",Đường vào: Rộng 7.5m,Mặt tiền: 5m,Hướng: Đông nam,Đất nền dự án
420 Triệu,170 m²,", Quận Liên Chiểu",Đường vào: Rộng 12m,NaN,Hướng: Đông,Đất nền dự án
1.73 Tỷ,125 m²,", Quận Cẩm Lệ",Đường vào: Rộng 7.5m,Mặt tiền: 5m,NaN,Đất nền dự án
1.73 Tỷ,125 m²,", Huyện Hòa Vang",Đường vào: Rộng 17.5m,Mặt tiền: 5m,NaN,Đất nền dự án
1.7 Tỷ,125 m²,", Quận Ngũ Hành Sơn",NaN,NaN,NaN,Đất nền dự án
2.7 Tỷ,100 m²,", Quận Ngũ Hành Sơn",Đường vào: Rộng 7.5m,NaN,Hướng: Tây Nam,Đất nền dự án
2.7 Tỷ,100 m²,", Quận Ngũ Hành Sơn",Đường vào: Rộng 7.5m,Mặt tiền: 7.5m,Hướng: Tây Nam,Đất nền dự án
1.73 Tỷ,125 m²,", Huyện Hòa Vang",Đường vào: Rộng 7.5m,Mặt tiền: 5m,NaN,Đất nền dự án
1.4 Tỷ,85 m²,", Quận Ngũ Hành Sơn",Đường vào: Rộng 17.5m,Mặt tiền: 5m,NaN,Đất nền dự án
5.3 Tỷ,157 m²,", Quận Ngũ Hành Sơn",NaN,NaN,NaN,Đất nền dự án
Thỏa thuận,100 m²,", Quận Ngũ Hành Sơn",NaN,NaN,NaN,Đất nền dự án
1.7 Tỷ,105 m²,", Quận Ngũ Hành Sơn",NaN,NaN,NaN,Đất nền dự án
350 Triệu,105 m²,", Quận Ngũ Hành Sơn",NaN,NaN,NaN,Đất nền dự án
680 Triệu,170 m²,", Huyện Hòa Vang",Đường vào: Rộng 33m,NaN,Hướng: Đông,Đất nền dự án
Thỏa thuận,100 m²,", Quận Ngũ Hành Sơn",NaN,NaN,NaN,Đất nền dự án
1.6 Tỷ,100 m²,", Huyện Hòa Vang",Đường vào: Rộng 17m,Mặt tiền: 5m,Hướng: Đông nam,Đất nền dự án
Thỏa thuận,105 m²,", Quận Ngũ Hành Sơn",NaN,NaN,NaN,Đất nền dự án
1.7 Tỷ,100 m²,", Quận Cẩm Lệ",Đường vào: Rộng 13.5m,Mặt tiền: 5m,Hướng: Đông,Đất nền dự án
1.57 Tỷ,100 m²,", Quận Cẩm Lệ",Đường vào: Rộng 7.5m,Mặt tiền: 5m,Hướng: Đông,Đất nền dự án
409 Triệu,170 m²,", Quận Ngũ Hành Sơn",Đường vào: Rộng 15m,Mặt tiền: 6m,NaN,Đất nền dự án
1.75 Tỷ,100 m²,", Quận Ngũ Hành Sơn",Đường vào: Rộng 7.5m,Mặt tiền: 5m,Hướng: Đông,Đất nền dự án
2.1 Tỷ,171 m²,", Quận Ngũ Hành Sơn",Đường vào: Rộng 17.5m,Mặt tiền: 7m,Hướng: Đông,Đất nền dự án
2.5 Tỷ,200 m²,", Quận Ngũ Hành Sơn",Đường vào: Rộng 27m,NaN,Hướng: Đông,Đất nền dự án
1.5 Tỷ,100 m²,", Quận Cẩm Lệ",Đường vào: Rộng 13.5m,Mặt tiền: 5m,Hướng: Đông nam,Đất nền dự án
1.75 Tỷ,100 m²,", Quận Ngũ Hành Sơn",Đường vào: Rộng 7.5m,Mặt tiền: 5m,Hướng: Đông,Đất nền dự án
1.5 Tỷ,100 m²,", Quận Ngũ Hành Sơn",Đường vào: Rộng 27m,Mặt tiền: 5m,Hướng: Đông,Đất nền dự án
2.6 Tỷ,100 m²,", Quận Cẩm Lệ",Đường vào: Rộng 27m,Mặt tiền: 10m,Hướng: Đông,Đất nền dự án
230 Triệu,170 m²,", Quận Ngũ Hành Sơn",Đường vào: Rộng 12m,Mặt tiền: 6m,Hướng: Đông,Đất nền dự án
1.55 Tỷ,100 m²,", Quận Cẩm Lệ",Đường vào: Rộng 13.5m,Mặt tiền: 5m,Hướng: Đông,Đất nền dự án
1.7 Tỷ,100 m²,", Quận Cẩm Lệ",Đường vào: Rộng 27m,Mặt tiền: 5m,Hướng: Đông,Đất nền dự án
2.81 Tỷ,149 m²,", Quận Cẩm Lệ",Đường vào: Rộng 13.5m,Mặt tiền: 7.5m,Hướng: Đông,Đất nền dự án
520 Triệu,200 m²,", Quận Ngũ Hành Sơn",Đường vào: Rộng 27m,Mặt tiền: 5m,Hướng: Đông,Đất nền dự án
420 Triệu,170 m²,", Quận Ngũ Hành Sơn",Đường vào: Rộng 12m,Mặt tiền: 6m,Hướng: Đông,Đất nền dự án
1.9 Tỷ,150 m²,", Quận Cẩm Lệ",Đường vào: Rộng 27m,Mặt tiền: 5m,Hướng: Đông,Đất nền dự án
1.5 Tỷ,107 m²,", Quận Cẩm Lệ",Đường vào: Rộng 12m,Mặt tiền: 7.5m,Hướng: Đông,Đất nền dự án
1.6 Tỷ,100 m²,", Quận Cẩm Lệ",Đường vào: Rộng 13.5m,Mặt tiền: 5m,Hướng: Đông,Đất nền dự án
1.85 Tỷ,100 m²,", Quận Cẩm Lệ",Đường vào: Rộng 13.5m,Mặt tiền: 5m,Hướng: Đông nam,Đất nền dự án
1.6 Tỷ,200 m²,", Quận Cẩm Lệ",Đường vào: Rộng 7.5m,Mặt tiền: 10m,Hướng: Đông,Đất nền dự án
270 Triệu,100 m²,", Quận Ngũ Hành Sơn",Đường vào: Rộng 7.5m,Mặt tiền: 5m,Hướng: Đông nam,Đất nền dự án
740 Triệu,100 m²,", Huyện Hòa Vang",Đường vào: Rộng 13.5m,Mặt tiền: 5m,NaN,Đất nền dự án
2.49 Tỷ,100 m²,", Quận Cẩm Lệ",Đường vào: Rộng 27m,Mặt tiền: 5m,NaN,Đất nền dự án
270 Triệu,100 m²,", Quận Ngũ Hành Sơn",Đường vào: Rộng 7.5m,Mặt tiền: 5m,Hướng: Đông nam,Đất nền dự án
2.43 Tỷ,121 m²,", Quận Ngũ Hành Sơn",Đường vào: Rộng 10.5m,Mặt tiền: 5.5m,Hướng: Bắc,Đất nền dự án
2.1 Tỷ,171 m²,", Quận Ngũ Hành Sơn",Đường vào: Rộng 7.5m,Mặt tiền: 7m,Hướng: Đông bắc,Đất nền dự án
425 Triệu,340 m²,", Quận Ngũ Hành Sơn",Đường vào: Rộng 12m,Mặt tiền: 12m,Hướng: Đông,Đất nền dự án
425 Triệu,170 m²,", Quận Ngũ Hành Sơn",Đường vào: Rộng 12m,Mặt tiền: 6m,Hướng: Đông,Đất nền dự án
1.7 Tỷ,107 m²,", Quận Cẩm Lệ",Đường vào: Rộng 13.5m,Mặt tiền: 5m,Hướng: Đông,Đất nền dự án
1.6 Tỷ,100 m²,", Quận Cẩm Lệ",Đường vào: Rộng 7.5m,Mặt tiền: 5m,Hướng: Đông,Đất nền dự án
1.67 Tỷ,107 m²,", Quận Cẩm Lệ",Đường vào: Rộng 7.5m,Mặt tiền: 5m,Hướng: Đông,Đất nền dự án
1.75 Tỷ,100 m²,", Quận Ngũ Hành Sơn",Đường vào: Rộng 7.5m,Mặt tiền: 5m,Hướng: Đông,Đất nền dự án
1.5 Tỷ,150 m²,", Quận Ngũ Hành Sơn",Đường vào: Rộng 27m,Mặt tiền: 6m,NaN,Đất nền dự án
400 Triệu,180 m²,", Huyện Hòa Vang",Đường vào: Rộng 12m,Mặt tiền: 6m,NaN,Đất nền dự án
430 Triệu,170 m²,", Huyện Hòa Vang",NaN,NaN,Hướng: Đông nam,Đất nền dự án
1.5 Tỷ,100 m²,", Quận Cẩm Lệ",Đường vào: Rộng 13.5m,Mặt tiền: 5m,Hướng: Đông,Đất nền dự án
1.7 Tỷ,100 m²,", Quận Cẩm Lệ",Đường vào: Rộng 13.5m,Mặt tiền: 5m,Hướng: Đông,Đất nền dự án
2.1 Tỷ,115 m²,", Quận Cẩm Lệ",Đường vào: Rộng 13.5m,Mặt tiền: 6.1m,Hướng: Đông,Đất nền dự án
720 Triệu,168 m²,", Huyện Hòa Vang",Đường vào: Rộng 12m,Mặt tiền: 6m,Hướng: Đông,Đất nền dự án
Thỏa thuận,100 m²,", Quận Ngũ Hành Sơn",NaN,NaN,NaN,Đất nền dự án
Thỏa thuận,100 m²,", Quận Ngũ Hành Sơn",NaN,NaN,NaN,Đất nền dự án
Thỏa thuận,105 m²,", Quận Ngũ Hành Sơn",NaN,NaN,NaN,Đất nền dự án
280 Triệu,169 m²,", Huyện Hòa Vang",Đường vào: Rộng 12m,Mặt tiền: 6m,NaN,Đất nền dự án
1.61 Tỷ,107 m²,", Quận Cẩm Lệ",Đường vào: Rộng 7.5m,Mặt tiền: 5m,NaN,Đất nền dự án
1.6 Tỷ,100 m²,", Huyện Hòa Vang",Đường vào: Rộng 17m,Mặt tiền: 5m,NaN,Đất nền dự án
1.89 Tỷ,90 m²,", Quận Ngũ Hành Sơn",Đường vào: Rộng 7.5m,Mặt tiền: 5m,Hướng: Tây bắc,Đất nền dự án
69 Triệu,180 m²,", Quận Thanh Khê",Đường vào: Rộng 26m,Mặt tiền: 8m,Hướng: Tây bắc,Đất nền dự án
1.6 Tỷ,100 m²,", Huyện Hòa Vang",Đường vào: Rộng 17m,Mặt tiền: 5m,NaN,Đất nền dự án
1.4 Tỷ,100 m²,", Quận Sơn Trà",Đường vào: Rộng 7.5m,Mặt tiền: 5m,NaN,Đất nền dự án
425 Triệu,170 m²,", Quận Thanh Khê",Đường vào: Rộng 12m,Mặt tiền: 6m,NaN,Đất nền dự án
420 Triệu,169 m²,", Huyện Hòa Vang",Đường vào: Rộng 5.5m,Mặt tiền: 6m,NaN,Đất nền dự án
15 Tỷ,300 m²,", Quận Ngũ Hành Sơn",Đường vào: Rộng 30m,Mặt tiền: 15m,Hướng: Đông,Đất nền dự án
1.75 Tỷ,100 m²,", Huyện Hòa Vang",Đường vào: Rộng 13.5m,Mặt tiền: 5m,NaN,Đất nền dự án
1.88 Tỷ,136 m²,", Quận Cẩm Lệ",Đường vào: Rộng 7.5m,Mặt tiền: 6m,NaN,Đất nền dự án
160 Triệu,100 m²,", Huyện Hòa Vang",Đường vào: Rộng 17m,Mặt tiền: 5m,Hướng: Đông nam,Đất nền dự án
2.8 Tỷ,100 m²,", Quận Ngũ Hành Sơn",Đường vào: Rộng 7.5m,Mặt tiền: 5m,Hướng: Nam,Đất nền dự án
425 Triệu,170 m²,", Quận Ngũ Hành Sơn",Đường vào: Rộng 12m,Mặt tiền: 12m,Hướng: Đông,Đất nền dự án
1.6 Tỷ,100 m²,", Huyện Hòa Vang",Đường vào: Rộng 17m,Mặt tiền: 5m,Hướng: Đông nam,Đất nền dự án
1.6 Tỷ,100 m²,", Huyện Hòa Vang",Đường vào: Rộng 17m,Mặt tiền: 5m,Hướng: Đông nam,Đất nền dự án
1.8 Tỷ,100 m²,", Quận Ngũ Hành Sơn",Đường vào: Rộng 21m,Mặt tiền: 6m,NaN,Đất nền dự án
2 Tỷ,134 m²,", Quận Ngũ Hành Sơn",Đường vào: Rộng 7.5m,Mặt tiền: 5m,NaN,Đất nền dự án
2.1 Tỷ,171 m²,", Quận Ngũ Hành Sơn",Đường vào: Rộng 7.5m,Mặt tiền: 7m,Hướng: Đông bắc,Đất nền dự án
445 Triệu,170 m²,", Huyện Hòa Vang",Đường vào: Rộng 12m,Mặt tiền: 6m,NaN,Đất nền dự án
2.42 Tỷ,121 m²,", Quận Ngũ Hành Sơn",Đường vào: Rộng 10.5m,Mặt tiền: 5.5m,NaN,Đất nền dự án
Thỏa thuận,170 m²,", Huyện Hòa Vang",Đường vào: Rộng 12m,Mặt tiền: 6m,NaN,Đất nền dự án
430 Triệu,170 m²,", Huyện Hòa Vang",Đường vào: Rộng 12m,Mặt tiền: 6m,NaN,Đất nền dự án
480 Triệu,180 m²,", Huyện Hòa Vang",Đường vào: Rộng 6m,Mặt tiền: 6m,NaN,Đất nền dự án
480 Triệu,180 m²,", Huyện Hòa Vang",Đường vào: Rộng 12m,Mặt tiền: 6m,NaN,Đất nền dự án
727 Triệu,170 m²,", Huyện Hòa Vang",Đường vào: Rộng 12m,Mặt tiền: 6m,NaN,Đất nền dự án
450 Triệu,180 m²,", Huyện Hòa Vang",Đường vào: Rộng 12m,Mặt tiền: 6m,NaN,Đất nền dự án
1.75 Tỷ,142 m²,", Huyện Hòa Vang",Đường vào: Rộng 17m,Mặt tiền: 5m,Hướng: Nam,Đất nền dự án
2.7 Tỷ,100 m²,", Quận Ngũ Hành Sơn",Đường vào: Rộng 7.5m,Mặt tiền: 5m,Hướng: Nam,Đất nền dự án
3.4 Tỷ,162 m²,", Quận Thanh Khê",NaN,NaN,NaN,Đất nền dự án
1.4 Tỷ,100 m²,", Quận Ngũ Hành Sơn",Đường vào: Rộng 10m,Mặt tiền: 5m,NaN,Đất nền dự án
1.86 Tỷ,136 m²,", Huyện Hòa Vang",Đường vào: Rộng 13m,Mặt tiền: 5m,NaN,Đất nền dự án
2.77 Tỷ,100 m²,", Quận Ngũ Hành Sơn",Đường vào: Rộng 11.5m,Mặt tiền: 5m,Hướng: Bắc,Đất nền dự án
2.8 Tỷ,100 m²,", Quận Ngũ Hành Sơn",Đường vào: Rộng 7.5m,Mặt tiền: 7.5m,Hướng: Nam,Đất nền dự án
2.8 Tỷ,100 m²,", Quận Ngũ Hành Sơn",NaN,NaN,Hướng: Đông bắc,Đất nền dự án
Thỏa thuận,100 m²,", Quận Ngũ Hành Sơn",NaN,NaN,NaN,Đất nền dự án
2.83 Tỷ,88 m²,", Quận Liên Chiểu",NaN,NaN,Hướng: Tây Bắc,Đất nền dự án
399 Triệu,170 m²,", Quận Ngũ Hành Sơn",Đường vào: Rộng 12m,Mặt tiền: 6m,NaN,Đất nền dự án
2 Tỷ,125 m²,", Huyện Hòa Vang",Đường vào: Rộng 13.5m,Mặt tiền: 5m,Hướng: Đông,Đất nền dự án
1.6 Tỷ,100 m²,", Quận Cẩm Lệ",Đường vào: Rộng 7.5m,Mặt tiền: 5m,Hướng: Tây bắc,Đất nền dự án
1.7 Tỷ,100 m²,", Quận Cẩm Lệ",Đường vào: Rộng 7.5m,Mặt tiền: 5m,Hướng: Đông bắc,Đất nền dự án
1.7 Tỷ,100 m²,", Huyện Hòa Vang",Đường vào: Rộng 7.5m,Mặt tiền: 5m,Hướng: Đông,Đất nền dự án
1.8 Tỷ,100 m²,", Huyện Hòa Vang",Đường vào: Rộng 13m,Mặt tiền: 5m,Hướng: Đông nam,Đất nền dự án
180 Triệu,100 m²,", Quận Ngũ Hành Sơn",Đường vào: Rộng 13m,Mặt tiền: 5m,Hướng: Đông,Đất nền dự án
1.75 Tỷ,100 m²,", Huyện Hòa Vang",Đường vào: Rộng 7.5m,Mặt tiền: 5m,Hướng: Tây bắc,Đất nền dự án
1.8 Tỷ,100 m²,", Quận Ngũ Hành Sơn",Đường vào: Rộng 13m,Mặt tiền: 5m,Hướng: Đông bắc,Đất nền dự án
1.8 Tỷ,100 m²,", Quận Ngũ Hành Sơn",Đường vào: Rộng 5m,NaN,Hướng: Đông,Đất nền dự án
3.2 Tỷ,100 m²,", Quận Ngũ Hành Sơn",Đường vào: Rộng 7m,Mặt tiền: 5m,NaN,Đất nền dự án
500 Triệu,120 m²,", Huyện Hòa Vang",Đường vào: Rộng 6m,Mặt tiền: 6m,Hướng: Đông,Đất nền dự án
420 Triệu,120 m²,", Huyện Hòa Vang",Đường vào: Rộng 6m,Mặt tiền: 6m,Hướng: Đông nam,Đất nền dự án
500 Triệu,150 m²,", Huyện Hòa Vang",Đường vào: Rộng 12m,Mặt tiền: 6m,Hướng: Đông,Đất nền dự án
395 Triệu,170 m²,", Huyện Hòa Vang",Đường vào: Rộng 12m,Mặt tiền: 6m,NaN,Đất nền dự án
1.75 Tỷ,100 m²,", Quận Cẩm Lệ",Đường vào: Rộng 13.5m,Mặt tiền: 5m,Hướng: Đông nam,Đất nền dự án
400 Triệu,170 m²,", Huyện Hòa Vang",Đường vào: Rộng 12m,Mặt tiền: 6m,Hướng: Đông,Đất nền dự án
1.75 Tỷ,100 m²,", Quận Cẩm Lệ",Đường vào: Rộng 12m,Mặt tiền: 5m,Hướng: Đông nam,Đất nền dự án
1.97 Tỷ,110 m²,", Huyện Hòa Vang",NaN,NaN,NaN,Đất nền dự án
2.39 Tỷ,80 m²,", Quận Cẩm Lệ",Đường vào: Rộng 12m,Mặt tiền: 5m,Hướng: Đông nam,Đất nền dự án
Thỏa thuận,100 m²,", Quận Ngũ Hành Sơn",Đường vào: Rộng 7.5m,Mặt tiền: 5m,Hướng: Đông nam,Đất nền dự án
1.8 Tỷ,100 m²,", Quận Cẩm Lệ",Đường vào: Rộng 13m,Mặt tiền: 5m,Hướng: Đông nam,Đất nền dự án
1.35 Tỷ,100 m²,", Huyện Hòa Vang",Đường vào: Rộng 13.5m,Mặt tiền: 5m,Hướng: Đông nam,Đất nền dự án
3.65 Tỷ,90 m²,", Quận Ngũ Hành Sơn",Đường vào: Rộng 7.5m,Mặt tiền: 5m,NaN,Đất nền dự án
3.7 Tỷ,122 m²,", Quận Ngũ Hành Sơn",NaN,NaN,Hướng: Đông,Đất nền dự án
2.35 Tỷ,102 m²,", Quận Ngũ Hành Sơn",NaN,NaN,NaN,Đất nền dự án
2.9 Tỷ,100 m²,", Quận Sơn Trà",Đường vào: Rộng 7.5m,Mặt tiền: 5m,Hướng: Nam,Đất nền dự án
427 Triệu,170 m²,", Huyện Hòa Vang",Đường vào: Rộng 11.5m,Mặt tiền: 6m,Hướng: Đông nam,Đất nền dự án
420 Triệu,170 m²,", Huyện Hòa Vang",Đường vào: Rộng 12m,Mặt tiền: 6m,Hướng: Đông nam,Đất nền dự án
1.4 Tỷ,85 m²,", Quận Ngũ Hành Sơn",NaN,NaN,Hướng: Đông bắc,Đất nền dự án
2.6 Tỷ,100 m²,", Quận Ngũ Hành Sơn",Đường vào: Rộng 27m,Mặt tiền: 5m,Hướng: Tây Nam,Đất nền dự án
729 Triệu,179 m²,", Huyện Hòa Vang",Đường vào: Rộng 12m,Mặt tiền: 6m,Hướng: Đông,Đất nền dự án
2.8 Tỷ,148 m²,", Quận Cẩm Lệ",Đường vào: Rộng 13.5m,Mặt tiền: 7.5m,Hướng: Đông nam,Đất nền dự án
630 Triệu,90 m²,", Quận Sơn Trà",Đường vào: Rộng 20m,Mặt tiền: 5m,NaN,Đất nền dự án
1.55 Tỷ,100 m²,", Huyện Hòa Vang",Đường vào: Rộng 13.5m,Mặt tiền: 5m,Hướng: Đông nam,Đất nền dự án
410 Triệu,170 m²,", Huyện Hòa Vang",Đường vào: Rộng 12m,Mặt tiền: 6m,NaN,Đất nền dự án
430 Triệu,170 m²,", Huyện Hòa Vang",Đường vào: Rộng 12m,Mặt tiền: 6m,NaN,Đất nền dự án
1.65 Tỷ,100 m²,", Huyện Hòa Vang",Đường vào: Rộng 7.5m,Mặt tiền: 5m,Hướng: Đông nam,Đất nền dự án
2.35 Tỷ,120 m²,", Quận Ngũ Hành Sơn",Đường vào: Rộng 17m,Mặt tiền: 5m,Hướng: Đông nam,Đất nền dự án
2.2 Tỷ,100 m²,", Quận Liên Chiểu",NaN,NaN,Hướng: Đông nam,Đất nền dự án
180 Triệu,100 m²,", Huyện Hòa Vang",NaN,NaN,Hướng: Đông nam,Đất nền dự án
1.7 Tỷ,100 m²,", Quận Ngũ Hành Sơn",Đường vào: Rộng 7.5m,Mặt tiền: 5m,NaN,Đất nền dự án
1.84 Tỷ,100 m²,", Quận Liên Chiểu",Đường vào: Rộng 5.5m,Mặt tiền: 5m,Hướng: Đông nam,Đất nền dự án
280 Triệu,85 m²,", Quận Ngũ Hành Sơn",Đường vào: Rộng 33m,Mặt tiền: 7m,NaN,Đất nền dự án
1.7 Tỷ,105 m²,", Quận Ngũ Hành Sơn",Đường vào: Rộng 27m,Mặt tiền: 5m,NaN,Đất nền dự án
1.7 Tỷ,105 m²,", Quận Ngũ Hành Sơn",Đường vào: Rộng 5m,Mặt tiền: 17m,NaN,Đất nền dự án
1.9 Tỷ,108 m²,", Quận Ngũ Hành Sơn",Đường vào: Rộng 27m,Mặt tiền: 5m,NaN,Đất nền dự án
1.7 Tỷ,100 m²,", Quận Ngũ Hành Sơn",Đường vào: Rộng 17m,Mặt tiền: 5m,NaN,Đất nền dự án
1.9 Tỷ,100 m²,", Quận Cẩm Lệ",Đường vào: Rộng 13.5m,Mặt tiền: 5m,NaN,Đất nền dự án
Thỏa thuận,96 m²,", Quận Ngũ Hành Sơn",NaN,NaN,NaN,Đất nền dự án
Thỏa thuận,96 m²,", Quận Ngũ Hành Sơn",NaN,NaN,NaN,Đất nền dự án
448 Triệu,170 m²,", Huyện Hòa Vang",Đường vào: Rộng 12m,Mặt tiền: 6m,NaN,Đất nền dự án
1.8 Tỷ,100 m²,", Quận Cẩm Lệ",NaN,NaN,NaN,Đất nền dự án
280 Triệu,85 m²,", Quận Ngũ Hành Sơn",Đường vào: Rộng 11.5m,Mặt tiền: 5m,NaN,Đất nền dự án
1.8 Tỷ,100 m²,", Quận Ngũ Hành Sơn",Đường vào: Rộng 17.5m,Mặt tiền: 6m,NaN,Đất nền dự án
448 Triệu,170 m²,", Huyện Hòa Vang",Đường vào: Rộng 12m,Mặt tiền: 6m,NaN,Đất nền dự án
1.4 Tỷ,85 m²,", Quận Ngũ Hành Sơn",Đường vào: Rộng 17.5m,Mặt tiền: 5m,NaN,Đất nền dự án
7 Tỷ,180 m²,", Quận Sơn Trà",Đường vào: Rộng 7.5m,Mặt tiền: 10m,Hướng: Đông nam,Đất nền dự án
1.4 Tỷ,85 m²,", Quận Ngũ Hành Sơn",Đường vào: Rộng 17.5m,Mặt tiền: 5m,Hướng: Đông,Đất nền dự án
2.9 Tỷ,100 m²,", Quận Liên Chiểu",NaN,NaN,Hướng: Đông Nam,Đất nền dự án
7.2 Tỷ,306 m²,", Quận Cẩm Lệ",Đường vào: Rộng 7.5m,NaN,Hướng: Tây Nam,Đất nền dự án
2.95 Tỷ,90 m²,", Quận Liên Chiểu",NaN,NaN,Hướng: Tây Bắc,Đất nền dự án
5.8 Tỷ,100 m²,", Quận Liên Chiểu",NaN,NaN,Hướng: Đông Nam,Đất nền dự án
9.25 Tỷ,125 m²,", Quận Liên Chiểu",NaN,NaN,Hướng: Đông Nam,Đất nền dự án
2.78 Tỷ,150 m²,", Quận Liên Chiểu",NaN,NaN,Hướng: Tây Nam,Đất nền dự án
4.43 Tỷ,94 m²,", Quận Liên Chiểu",NaN,NaN,Hướng: Đông Bắc,Đất nền dự án
2.85 Tỷ,75 m²,", Quận Liên Chiểu",NaN,NaN,Hướng: Đông Bắc,Đất nền dự án
65 Tỷ,640 m²,", Quận Liên Chiểu",NaN,NaN,Hướng: Tây Nam,Đất nền dự án
2.08 Tỷ,105 m²,", Quận Liên Chiểu",NaN,NaN,Hướng: Đông Nam,Đất nền dự án
1.4 Tỷ,85 m²,", Quận Ngũ Hành Sơn",Đường vào: Rộng 17.5m,Mặt tiền: 5m,NaN,Đất nền dự án
1.4 Tỷ,85 m²,", Quận Ngũ Hành Sơn",Đường vào: Rộng 17m,Mặt tiền: 5m,NaN,Đất nền dự án
4.05 Tỷ,121 m²,", Quận Liên Chiểu",Đường vào: Rộng 10m,Mặt tiền: 6m,Hướng: Nam,Đất nền dự án
1.3 Tỷ,100 m²,", Quận Ngũ Hành Sơn",NaN,NaN,NaN,Đất nền dự án
1.6 Tỷ,120 m²,", Quận Ngũ Hành Sơn",NaN,NaN,NaN,Đất nền dự án
1.4 Tỷ,85 m²,", Quận Ngũ Hành Sơn",NaN,NaN,NaN,Đất nền dự án
1.5 Tỷ,200 m²,", Quận Ngũ Hành Sơn",NaN,NaN,NaN,Đất nền dự án
1.35 Tỷ,85 m²,", Quận Ngũ Hành Sơn",Đường vào: Rộng 7.5m,Mặt tiền: 5m,Hướng: Đông Bắc,Đất nền dự án
